
INSERT INTO CLIENTE (CF, PASSWORD_C, EMAIL) VALUES  ('RSSMRC85M01H501X', 'A3!rM@2024', 'marco.rossi@email.com');

INSERT INTO CLIENTE (CF, PASSWORD_C, EMAIL) VALUES  ('BNCGLI93D45F205T', 'G7#lBi&92!', 'giulia.bianchi@email.com');

INSERT INTO CLIENTE (CF, PASSWORD_C, EMAIL) VALUES  ('FRRLCA75E12H224Z', 'Lu$Frr75@*', 'luca.ferrari@email.com');

INSERT INTO CLIENTE (CF, PASSWORD_C, EMAIL) VALUES  ('CNTMRT98L15L736S', 'C@ntM!9821', 'martina.conti@email.com');

INSERT INTO CLIENTE (CF, PASSWORD_C, EMAIL) VALUES  ('RSSLSN86R18H501P', 'AleR#86!sn', 'alessandro.russo@email.com');

INSERT INTO CLIENTE (CF, PASSWORD_C, EMAIL) VALUES  ('GLLFRC90T02D612N', 'G4ll!Fc90@', 'federica.galli@email.com');

INSERT INTO CLIENTE (CF, PASSWORD_C, EMAIL) VALUES  ('SPSGNN72A22H501J', 'G!nn@72Esp', 'giovanni.esposito@email.com');

INSERT INTO CLIENTE (CF, PASSWORD_C, EMAIL) VALUES  ('RCCCHR84S15G702Y', 'R!cChi84!+', 'chiara.ricci@email.com');

INSERT INTO CLIENTE (CF, PASSWORD_C, EMAIL) VALUES  ('GRCMTA81F08F205V', 'GrcM8#1o$@', 'matteo.greco@email.com');

INSERT INTO CLIENTE (CF, PASSWORD_C, EMAIL) VALUES  ('LMBLNE96T14E902C', 'El0mb!96&L', 'elena.lombardi@email.com');

INSERT INTO CLIENTE (CF, PASSWORD_C, EMAIL) VALUES  ('MRNFNC87C20D969A', 'Fr4M!87ri*', 'francesco.marini@email.com');

INSERT INTO CLIENTE (CF, PASSWORD_C, EMAIL) VALUES  ('BRNSRA94M29G113Q', 'S@rB94#1n$', 'sara.barone@email.com');

INSERT INTO CLIENTE (CF, PASSWORD_C, EMAIL) VALUES  ('MRTNDR80A11D703H', 'AnMo8!#Ret', 'andrea.moretti@email.com');

INSERT INTO CLIENTE (CF, PASSWORD_C, EMAIL) VALUES  ('VLTLRA88S07E506U', 'LauV!88Ln@', 'laura.valentini@email.com');

INSERT INTO CLIENTE (CF, PASSWORD_C, EMAIL) VALUES  ('FNTDVD91D18L400B', 'DavFont@91!', 'davide.fontana@email.com');

INSERT INTO RUBRICA_INDIRIZZI (CF, STATO, VIA, CIVICO, CAP, CITTA, PROVINCIA) VALUES ('RSSMRC85M01H501X', 'attivo', 'Via Roma', '15', 00100, 'Roma', 'RM');

INSERT INTO RUBRICA_INDIRIZZI (CF, STATO, VIA, CIVICO, CAP, CITTA, PROVINCIA) VALUES  ('BNCGLI93D45F205T', 'attivo', 'Via Milano', '22', 20100, 'Milano', 'MI');

INSERT INTO RUBRICA_INDIRIZZI (CF, STATO, VIA, CIVICO, CAP, CITTA, PROVINCIA) VALUES  ('FRRLCA75E12H224Z', 'attivo', 'Corso Torino', '18B', 10100, 'Torino', 'TO');

INSERT INTO RUBRICA_INDIRIZZI (CF, STATO, VIA, CIVICO, CAP, CITTA, PROVINCIA) VALUES  ('CNTMRT98L15L736S', 'attivo', 'Viale Firenze', '10', 50100, 'Firenze', 'FI');

INSERT INTO RUBRICA_INDIRIZZI (CF, STATO, VIA, CIVICO, CAP, CITTA, PROVINCIA) VALUES  ('RSSLSN86R18H501P', 'attivo', 'Piazza Napoli', '5A', 80100, 'Napoli', 'NA');

INSERT INTO RUBRICA_INDIRIZZI (CF, STATO, VIA, CIVICO, CAP, CITTA, PROVINCIA) VALUES  ('GLLFRC90T02D612N', 'attivo', 'Via Bologna', '7C', 40100, 'Bologna', 'BO');

INSERT INTO RUBRICA_INDIRIZZI (CF, STATO, VIA, CIVICO, CAP, CITTA, PROVINCIA) VALUES  ('SPSGNN72A22H501J', 'attivo', 'Via Verona', '12', 37100, 'Verona', 'VR');

INSERT INTO RUBRICA_INDIRIZZI (CF, STATO, VIA, CIVICO, CAP, CITTA, PROVINCIA) VALUES  ('RCCCHR84S15G702Y', 'attivo', 'Via Venezia', '6', 30100, 'Venezia', 'VE');

INSERT INTO RUBRICA_INDIRIZZI (CF, STATO, VIA, CIVICO, CAP, CITTA, PROVINCIA) VALUES  ('GRCMTA81F08F205V', 'attivo', 'Via Bari', '9', 70100, 'Bari', 'BA');

INSERT INTO RUBRICA_INDIRIZZI (CF, STATO, VIA, CIVICO, CAP, CITTA, PROVINCIA) VALUES  ('LMBLNE96T14E902C', 'attivo', 'Corso Palermo', '20', 90100, 'Palermo', 'PA');

INSERT INTO RUBRICA_INDIRIZZI (CF, STATO, VIA, CIVICO, CAP, CITTA, PROVINCIA) VALUES  ('MRNFNC87C20D969A', 'attivo', 'Via Catania', '13', 95100, 'Catania', 'CT');

INSERT INTO RUBRICA_INDIRIZZI (CF, STATO, VIA, CIVICO, CAP, CITTA, PROVINCIA) VALUES  ('BRNSRA94M29G113Q', 'attivo', 'Via Ancona', '2', 60100, 'Ancona', 'AN');

INSERT INTO RUBRICA_INDIRIZZI (CF, STATO, VIA, CIVICO, CAP, CITTA, PROVINCIA) VALUES  ('MRTNDR80A11D703H', 'attivo', 'Via Genova', '44', 16100, 'Genova', 'GE');

INSERT INTO RUBRICA_INDIRIZZI (CF, STATO, VIA, CIVICO, CAP, CITTA, PROVINCIA) VALUES  ('VLTLRA88S07E506U', 'attivo', 'Via Trieste', '16', 34100, 'Trieste', 'TS');

INSERT INTO RUBRICA_INDIRIZZI (CF, STATO, VIA, CIVICO, CAP, CITTA, PROVINCIA) VALUES  ('FNTDVD91D18L400B', 'attivo', 'Via Reggio', '30', 89100, 'Reggio Calabria', 'RC');

INSERT INTO DATI_ANAGRAFICI (CF, NOME, COGNOME, DATAN, NUMERO_TEL_1) VALUES ('RSSMRC85M01H501X', 'Marco', 'Rossi', TO_DATE('1985-03-01', 'YYYY-MM-DD'), '3281234567');

INSERT INTO DATI_ANAGRAFICI (CF, NOME, COGNOME, DATAN, NUMERO_TEL_1) VALUES ('BNCGLI93D45F205T', 'Giulia', 'Bianchi', TO_DATE('1993-04-05', 'YYYY-MM-DD'), '3459876543');

INSERT INTO DATI_ANAGRAFICI (CF, NOME, COGNOME, DATAN, NUMERO_TEL_1) VALUES  ('FRRLCA75E12H224Z', 'Luca', 'Ferrari', TO_DATE('1975-05-12', 'YYYY-MM-DD'), '3391122334');

INSERT INTO DATI_ANAGRAFICI (CF, NOME, COGNOME, DATAN, NUMERO_TEL_1) VALUES  ('CNTMRT98L15L736S', 'Martina', 'Conti', TO_DATE('1998-07-15', 'YYYY-MM-DD'), '3332233445');

INSERT INTO DATI_ANAGRAFICI (CF, NOME, COGNOME, DATAN, NUMERO_TEL_1) VALUES  ('RSSLSN86R18H501P', 'Alessandro', 'Russo', TO_DATE('1986-10-18', 'YYYY-MM-DD'), '3274455667');

INSERT INTO DATI_ANAGRAFICI (CF, NOME, COGNOME, DATAN, NUMERO_TEL_1) VALUES  ('GLLFRC90T02D612N', 'Federica', 'Galli', TO_DATE('1990-12-02', 'YYYY-MM-DD'), '3925566778');

INSERT INTO DATI_ANAGRAFICI (CF, NOME, COGNOME, DATAN, NUMERO_TEL_1) VALUES  ('SPSGNN72A22H501J', 'Giovanni', 'Esposito', TO_DATE('1972-01-22', 'YYYY-MM-DD'), '3316677889');

INSERT INTO DATI_ANAGRAFICI (CF, NOME, COGNOME, DATAN, NUMERO_TEL_1) VALUES  ('RCCCHR84S15G702Y', 'Chiara', 'Ricci', TO_DATE('1984-11-15', 'YYYY-MM-DD'), '3287788990');

INSERT INTO DATI_ANAGRAFICI (CF, NOME, COGNOME, DATAN, NUMERO_TEL_1) VALUES  ('GRCMTA81F08F205V', 'Matteo', 'Greco', TO_DATE('1981-06-08', 'YYYY-MM-DD'), '3388899001');

INSERT INTO DATI_ANAGRAFICI (CF, NOME, COGNOME, DATAN, NUMERO_TEL_1) VALUES  ('LMBLNE96T14E902C', 'Elena', 'Lombardi', TO_DATE('1996-03-14', 'YYYY-MM-DD'), '3349001122');

INSERT INTO DATI_ANAGRAFICI (CF, NOME, COGNOME, DATAN, NUMERO_TEL_1) VALUES  ('MRNFNC87C20D969A', 'Francesco', 'Marini', TO_DATE('1987-02-20', 'YYYY-MM-DD'), '3291122334');

INSERT INTO DATI_ANAGRAFICI (CF, NOME, COGNOME, DATAN, NUMERO_TEL_1) VALUES  ('BRNSRA94M29G113Q', 'Sara', 'Barone', TO_DATE('1994-08-29', 'YYYY-MM-DD'), '3352233445');

INSERT INTO DATI_ANAGRAFICI (CF, NOME, COGNOME, DATAN, NUMERO_TEL_1) VALUES  ('MRTNDR80A11D703H', 'Andrea', 'Moretti', TO_DATE('1980-09-11', 'YYYY-MM-DD'), '3493344556');

INSERT INTO DATI_ANAGRAFICI (CF, NOME, COGNOME, DATAN, NUMERO_TEL_1) VALUES  ('VLTLRA88S07E506U', 'Laura', 'Valentini', TO_DATE('1988-12-07', 'YYYY-MM-DD'), '3474455667');

INSERT INTO DATI_ANAGRAFICI (CF, NOME, COGNOME, DATAN, NUMERO_TEL_1) VALUES  ('FNTDVD91D18L400B', 'Davide', 'Fontana', TO_DATE('1991-04-18', 'YYYY-MM-DD'), '3365566778');

INSERT INTO FORNITORE (PARTITAIVA, NOME_FORNITORE, VIA_FOR, CIVICO_FOR, CITTA_FOR, PROVINCIA_FOR, CAP_FOR) VALUES ('43210987654', 'Latteria Centrale', 'Via del Latte', '3', 'Parma', 'PR', '43121');

INSERT INTO FORNITORE (PARTITAIVA, NOME_FORNITORE, VIA_FOR, CIVICO_FOR, CITTA_FOR, PROVINCIA_FOR, CAP_FOR) VALUES ('51234567890', 'Passione Asia', 'Via delle Vigne', '10', 'Pavia', 'PV', '27100');

INSERT INTO FORNITORE (PARTITAIVA, NOME_FORNITORE, VIA_FOR, CIVICO_FOR, CITTA_FOR, PROVINCIA_FOR, CAP_FOR) VALUES ('61234567891', 'Pescheria Marinara', 'Lungomare', '25', 'Catania', 'CT', '95100');

INSERT INTO FORNITORE (PARTITAIVA, NOME_FORNITORE, VIA_FOR, CIVICO_FOR, CITTA_FOR, PROVINCIA_FOR, CAP_FOR) VALUES ('71234567892', 'Salumeria Montagnola', 'Via Roma', '50', 'Firenze', 'FI', '50100');

INSERT INTO FORNITORE (PARTITAIVA, NOME_FORNITORE, VIA_FOR, CIVICO_FOR, CITTA_FOR, PROVINCIA_FOR, CAP_FOR) VALUES ('81234567893', 'Frutta Fresca', 'Corso Italia', '17', 'Napoli', 'NA', '80100');

INSERT INTO FORNITORE (PARTITAIVA, NOME_FORNITORE, VIA_FOR, CIVICO_FOR, CITTA_FOR, PROVINCIA_FOR, CAP_FOR) VALUES ('91234567894', 'Cereali e Grani', 'Via dei Grani', '4', 'Bologna', 'BO', '40100');

INSERT INTO FORNITORE (PARTITAIVA, NOME_FORNITORE, VIA_FOR, CIVICO_FOR, CITTA_FOR, PROVINCIA_FOR, CAP_FOR) VALUES ('10234567895', 'Formaggi d’Italia', 'Piazza Garibaldi', '12', 'Brescia', 'BS', '25100');

INSERT INTO FORNITORE (PARTITAIVA, NOME_FORNITORE, VIA_FOR, CIVICO_FOR, CITTA_FOR, PROVINCIA_FOR, CAP_FOR) VALUES ('20234567896', 'Macelleria Dal Contadino', 'Via delle Rose', '8', 'Venezia', 'VE', '30100');

INSERT INTO FORNITORE (PARTITAIVA, NOME_FORNITORE, VIA_FOR, CIVICO_FOR, CITTA_FOR, PROVINCIA_FOR, CAP_FOR) VALUES ('30234567897', 'COOP', 'Piazza del Mare', '3', 'Genova', 'GE', '16100');

INSERT INTO FORNITORE (PARTITAIVA, NOME_FORNITORE, VIA_FOR, CIVICO_FOR, CITTA_FOR, PROVINCIA_FOR, CAP_FOR) VALUES ('40234567898', 'San Carlo', 'Via del Corso', '20', 'Torino', 'TO', '10100');

INSERT INTO FORNITORE (PARTITAIVA, NOME_FORNITORE, VIA_FOR, CIVICO_FOR, CITTA_FOR, PROVINCIA_FOR, CAP_FOR) VALUES ('50234567899', 'Il Droghiere', 'Via di San Luca', '9', 'Cagliari', 'CA', '09100');

INSERT INTO FORNITORE (PARTITAIVA, NOME_FORNITORE, VIA_FOR, CIVICO_FOR, CITTA_FOR, PROVINCIA_FOR, CAP_FOR) VALUES ('60234567900', 'Forniture Alimentari', 'Via delle Industrie', '2', 'Milano', 'MI', '20100');

INSERT INTO FORNITORE (PARTITAIVA, NOME_FORNITORE, VIA_FOR, CIVICO_FOR, CITTA_FOR, PROVINCIA_FOR, CAP_FOR) VALUES ('70234567901', 'American Market', 'Via degli Ulivi', '14', 'Asti', 'AT', '14100');

INSERT INTO FORNITORE (PARTITAIVA, NOME_FORNITORE, VIA_FOR, CIVICO_FOR, CITTA_FOR, PROVINCIA_FOR, CAP_FOR) VALUES ('80234567902', 'Conad', 'Strada delle Birre', '5', 'Verona', 'VR', '37100');

INSERT INTO FORNITORE (PARTITAIVA, NOME_FORNITORE, VIA_FOR, CIVICO_FOR, CITTA_FOR, PROVINCIA_FOR, CAP_FOR) VALUES ('90234567903', 'Market Italy', 'Piazza della Torre', '11', 'Perugia', 'PG', '06100');

INSERT INTO MAGAZZINO (NOME_MAGAZZINO, VIA_MAG, CIVICO_MAG, CAP_MAG, CITTA_MAG, PROVINCIA_MAG) VALUES ('Magazzino Centrale', 'Via Roma', '10', '00100', 'Roma', 'RM');

INSERT INTO MAGAZZINO (NOME_MAGAZZINO, VIA_MAG, CIVICO_MAG, CAP_MAG, CITTA_MAG, PROVINCIA_MAG) VALUES ('Deposito Milano', 'Corso Buenos Aires', '23', '20100', 'Milano', 'MI');

INSERT INTO MAGAZZINO (NOME_MAGAZZINO, VIA_MAG, CIVICO_MAG, CAP_MAG, CITTA_MAG, PROVINCIA_MAG) VALUES ('Logistica Napoli', 'Via Toledo', '45B', '80100', 'Napoli', 'NA');

INSERT INTO MAGAZZINO (NOME_MAGAZZINO, VIA_MAG, CIVICO_MAG, CAP_MAG, CITTA_MAG, PROVINCIA_MAG) VALUES ('Hub Torino', 'Via Garibaldi', '8', '10100', 'Torino', 'TO');

INSERT INTO MAGAZZINO (NOME_MAGAZZINO, VIA_MAG, CIVICO_MAG, CAP_MAG, CITTA_MAG, PROVINCIA_MAG) VALUES ('Stoccaggio Firenze', 'Viale Michelangelo', '12A', '50100', 'Firenze', 'FI');

INSERT INTO MAGAZZINO (NOME_MAGAZZINO, VIA_MAG, CIVICO_MAG, CAP_MAG, CITTA_MAG, PROVINCIA_MAG) VALUES ('Magazzino Bologna', 'Via Indipendenza', '56', '40100', 'Bologna', 'BO');

INSERT INTO MAGAZZINO (NOME_MAGAZZINO, VIA_MAG, CIVICO_MAG, CAP_MAG, CITTA_MAG, PROVINCIA_MAG) VALUES ('Deposito Palermo', 'Via Libertà', '34', '90100', 'Palermo', 'PA');

INSERT INTO MAGAZZINO (NOME_MAGAZZINO, VIA_MAG, CIVICO_MAG, CAP_MAG, CITTA_MAG, PROVINCIA_MAG) VALUES ('Magazzino Verona', 'Corso Porta Nuova', '22', '37100', 'Verona', 'VR');

INSERT INTO MAGAZZINO (NOME_MAGAZZINO, VIA_MAG, CIVICO_MAG, CAP_MAG, CITTA_MAG, PROVINCIA_MAG) VALUES ('Stoccaggio Venezia', 'Calle Larga', '17C', '30100', 'Venezia', 'VE');

INSERT INTO MAGAZZINO (NOME_MAGAZZINO, VIA_MAG, CIVICO_MAG, CAP_MAG, CITTA_MAG, PROVINCIA_MAG) VALUES ('Magazzino Genova', 'Via XX Settembre', '78', '16100', 'Genova', 'GE');

INSERT INTO MAGAZZINO (NOME_MAGAZZINO, VIA_MAG, CIVICO_MAG, CAP_MAG, CITTA_MAG, PROVINCIA_MAG) VALUES ('Hub Bari', 'Via Sparano', '15', '70100', 'Bari', 'BA');

INSERT INTO MAGAZZINO (NOME_MAGAZZINO, VIA_MAG, CIVICO_MAG, CAP_MAG, CITTA_MAG, PROVINCIA_MAG) VALUES ('Deposito Catania', 'Via Etnea', '5', '95100', 'Catania', 'CT');

INSERT INTO MAGAZZINO (NOME_MAGAZZINO, VIA_MAG, CIVICO_MAG, CAP_MAG, CITTA_MAG, PROVINCIA_MAG) VALUES ('Stoccaggio Padova', 'Via del Santo', '29', '35100', 'Padova', 'PD');

INSERT INTO MAGAZZINO (NOME_MAGAZZINO, VIA_MAG, CIVICO_MAG, CAP_MAG, CITTA_MAG, PROVINCIA_MAG) VALUES ('Magazzino Trieste', 'Piazza Unità', '1', '34100', 'Trieste', 'TS');

INSERT INTO MAGAZZINO (NOME_MAGAZZINO, VIA_MAG, CIVICO_MAG, CAP_MAG, CITTA_MAG, PROVINCIA_MAG) VALUES ('Deposito Perugia', 'Corso Vannucci', '7', '06100', 'Perugia', 'PG');

INSERT INTO BOX (EAN_BOX, NOME_BOX, CATEGORIA_BOX, PORZIONI, QUANTITA_IN_BOX, PREZZO_BOX) VALUES('8001234567890', 'Box Tiramisù', 'Dolci', 4, 5, 12.50);

INSERT INTO BOX (EAN_BOX, NOME_BOX, CATEGORIA_BOX, PORZIONI, QUANTITA_IN_BOX, PREZZO_BOX) VALUES('8002345678906', 'Bowl Hawaiana', 'Vegetariano', 6, 10, 8.90);

INSERT INTO BOX (EAN_BOX, NOME_BOX, CATEGORIA_BOX, PORZIONI, QUANTITA_IN_BOX, PREZZO_BOX) VALUES('8003456789012', 'Colazione Golosa', 'Colazione', 2, 8, 15.20);

INSERT INTO BOX (EAN_BOX, NOME_BOX, CATEGORIA_BOX, PORZIONI, QUANTITA_IN_BOX, PREZZO_BOX) VALUES('8004567890128', 'Box Carbonara', 'Primi', 4, 6, 10.00);

INSERT INTO BOX (EAN_BOX, NOME_BOX, CATEGORIA_BOX, PORZIONI, QUANTITA_IN_BOX, PREZZO_BOX) VALUES('8005678901234', 'Box Pizza Margherita', 'Pizza', 4, 6, 18.70);

INSERT INTO BOX (EAN_BOX, NOME_BOX, CATEGORIA_BOX, PORZIONI, QUANTITA_IN_BOX, PREZZO_BOX) VALUES('8006789012340', 'Box Falafel', 'Vegetariano', 2, 5, 13.40);

INSERT INTO BOX (EAN_BOX, NOME_BOX, CATEGORIA_BOX, PORZIONI, QUANTITA_IN_BOX, PREZZO_BOX) VALUES('8007890123456', 'Cucina Svedese', 'Pranzo', 4, 8, 25.60);

INSERT INTO BOX (EAN_BOX, NOME_BOX, CATEGORIA_BOX, PORZIONI, QUANTITA_IN_BOX, PREZZO_BOX) VALUES('8008901234562', 'Spuntino Salato', 'Aperitivo', 2, 6, 12.00);

INSERT INTO BOX (EAN_BOX, NOME_BOX, CATEGORIA_BOX, PORZIONI, QUANTITA_IN_BOX, PREZZO_BOX) VALUES('8009012345678', 'Box Casatiello Napoletano', 'Tradizionali', 4, 10, 22.30);

INSERT INTO BOX (EAN_BOX, NOME_BOX, CATEGORIA_BOX, PORZIONI, QUANTITA_IN_BOX, PREZZO_BOX) VALUES('8000123456789', 'Box Gyoza', 'Asiatico', 4, 6, 14.80);

INSERT INTO BOX (EAN_BOX, NOME_BOX, CATEGORIA_BOX, PORZIONI, QUANTITA_IN_BOX, PREZZO_BOX) VALUES('8001123456785', 'Box Donuts', 'Americano', 4, 5, 19.50);

INSERT INTO BOX (EAN_BOX, NOME_BOX, CATEGORIA_BOX, PORZIONI, QUANTITA_IN_BOX, PREZZO_BOX) VALUES('8002123456781', 'Box Frittura di Mare', 'Pesce', 2, 4, 27.00);

INSERT INTO BOX (EAN_BOX, NOME_BOX, CATEGORIA_BOX, PORZIONI, QUANTITA_IN_BOX, PREZZO_BOX) VALUES('8003123456787', 'Box CiccioBurger', 'Americano', 2, 5, 14.20);

INSERT INTO BOX (EAN_BOX, NOME_BOX, CATEGORIA_BOX, PORZIONI, QUANTITA_IN_BOX, PREZZO_BOX) VALUES('8004123456783', 'Aperitivo Italiano', 'Italiano', 4, 8, 20.70);

INSERT INTO BOX (EAN_BOX, NOME_BOX, CATEGORIA_BOX, PORZIONI, QUANTITA_IN_BOX, PREZZO_BOX) VALUES('8005123456789', 'Box Udon', 'Asiatico', 2, 6, 18.90);

INSERT INTO INGREDIENTE (EAN_INGREDIENTE, NOME_INGREDIENTE, DESC_INGREDIENTE, PREZZO_INGREDIENTE, PARTITAIVA) VALUES ('1234567890123', 'Zucchero semolato 100g', 'Zucchero', 2.00, '43210987654');

INSERT INTO INGREDIENTE (EAN_INGREDIENTE, NOME_INGREDIENTE, DESC_INGREDIENTE, PREZZO_INGREDIENTE, PARTITAIVA) VALUES ('1234567890456', 'Caffè in polvere per moka 80g', 'Caffè', 3.50, '43210987654');

INSERT INTO INGREDIENTE (EAN_INGREDIENTE, NOME_INGREDIENTE, DESC_INGREDIENTE, PREZZO_INGREDIENTE, PARTITAIVA) VALUES ('1234567890789', 'Mascarpone fresco 250g', 'Mascarpone', 4.50, '43210987654');

INSERT INTO INGREDIENTE (EAN_INGREDIENTE, NOME_INGREDIENTE, DESC_INGREDIENTE, PREZZO_INGREDIENTE, PARTITAIVA) VALUES ('1234567890890', 'Savoiardi di alta qualità 250g', 'Savoiardi', 3.00, '43210987654');

INSERT INTO INGREDIENTE (EAN_INGREDIENTE, NOME_INGREDIENTE, DESC_INGREDIENTE, PREZZO_INGREDIENTE, PARTITAIVA) VALUES ('1234567890125', 'Cacao amaro in polvere 200g', 'Cacao', 1.50, '43210987654');

INSERT INTO INGREDIENTE (EAN_INGREDIENTE, NOME_INGREDIENTE, DESC_INGREDIENTE, PREZZO_INGREDIENTE, PARTITAIVA) VALUES('2345678901234', 'Riso basmati 500g', 'Riso', 2.00, '91234567894');

INSERT INTO INGREDIENTE (EAN_INGREDIENTE, NOME_INGREDIENTE, DESC_INGREDIENTE, PREZZO_INGREDIENTE, PARTITAIVA) VALUES('2345678905678', 'Edamame freschi 200g', 'Edamame', 1.80, '81234567893');

INSERT INTO INGREDIENTE (EAN_INGREDIENTE, NOME_INGREDIENTE, DESC_INGREDIENTE, PREZZO_INGREDIENTE, PARTITAIVA) VALUES('2345678907890', 'Avocado maturo 150g', 'Avocado', 1.50, '81234567893');

INSERT INTO INGREDIENTE (EAN_INGREDIENTE, NOME_INGREDIENTE, DESC_INGREDIENTE, PREZZO_INGREDIENTE, PARTITAIVA) VALUES('2345678908901', 'Ananas a pezzi 200g', 'Ananas', 2.00, '81234567893');

INSERT INTO INGREDIENTE (EAN_INGREDIENTE, NOME_INGREDIENTE, DESC_INGREDIENTE, PREZZO_INGREDIENTE, PARTITAIVA) VALUES('2345678902345', 'Cavolo rosso 150g', 'Cavolo Rosso', 1.20, '50234567899');

INSERT INTO INGREDIENTE (EAN_INGREDIENTE, NOME_INGREDIENTE, DESC_INGREDIENTE, PREZZO_INGREDIENTE, PARTITAIVA) VALUES('2345678903456', 'Carote julienne 150g', 'Carote', 1.00, '50234567899');

INSERT INTO INGREDIENTE (EAN_INGREDIENTE, NOME_INGREDIENTE, DESC_INGREDIENTE, PREZZO_INGREDIENTE, PARTITAIVA) VALUES('2345678904567', 'Semi di sesamo 50g', 'Semi di Sesamo', 0.80, '50234567899');

INSERT INTO INGREDIENTE (EAN_INGREDIENTE, NOME_INGREDIENTE, DESC_INGREDIENTE, PREZZO_INGREDIENTE, PARTITAIVA) VALUES('2345678906789', 'Salsa di soia 100ml', 'Salsa di Soia', 1.20, '51234567890');

INSERT INTO INGREDIENTE (EAN_INGREDIENTE, NOME_INGREDIENTE, DESC_INGREDIENTE, PREZZO_INGREDIENTE, PARTITAIVA) VALUES('3456789012345', 'Croissant alla crema 2pz', 'Croissant', 3.20, '90234567903');

INSERT INTO INGREDIENTE (EAN_INGREDIENTE, NOME_INGREDIENTE, DESC_INGREDIENTE, PREZZO_INGREDIENTE, PARTITAIVA) VALUES('3456789013456', 'Marmellata di fragole 200g', 'Marmellata', 2.50, '30234567897');

INSERT INTO INGREDIENTE (EAN_INGREDIENTE, NOME_INGREDIENTE, DESC_INGREDIENTE, PREZZO_INGREDIENTE, PARTITAIVA) VALUES('3456789014567', 'Nutella 200g', 'Nutella', 3.50, '30234567897');

INSERT INTO INGREDIENTE (EAN_INGREDIENTE, NOME_INGREDIENTE, DESC_INGREDIENTE, PREZZO_INGREDIENTE, PARTITAIVA) VALUES('3456789015678', 'Succo di arancia 500ml', 'Succo di Arancia', 2.00, '30234567897');

INSERT INTO INGREDIENTE (EAN_INGREDIENTE, NOME_INGREDIENTE, DESC_INGREDIENTE, PREZZO_INGREDIENTE, PARTITAIVA) VALUES('3456789016789', 'Latte fresco 1L', 'Latte', 1.50, '30234567897');

INSERT INTO INGREDIENTE (EAN_INGREDIENTE, NOME_INGREDIENTE, DESC_INGREDIENTE, PREZZO_INGREDIENTE, PARTITAIVA) VALUES('3456789017890', 'Biscotti al burro 250g', 'Biscotti', 2.00, '91234567894');

INSERT INTO INGREDIENTE (EAN_INGREDIENTE, NOME_INGREDIENTE, DESC_INGREDIENTE, PREZZO_INGREDIENTE, PARTITAIVA) VALUES('3456789018901', 'Caffè macinato 250g', 'Caffè', 3.00, '30234567897');

INSERT INTO INGREDIENTE (EAN_INGREDIENTE, NOME_INGREDIENTE, DESC_INGREDIENTE, PREZZO_INGREDIENTE, PARTITAIVA) VALUES('3456789019012', 'Cioccolata calda in polvere 150g', 'Cioccolata', 1.50, '30234567897');

INSERT INTO INGREDIENTE (EAN_INGREDIENTE, NOME_INGREDIENTE, DESC_INGREDIENTE, PREZZO_INGREDIENTE, PARTITAIVA) VALUES('4567890123456', 'Spaghetti di grano duro 500g', 'Spaghetti', 1.50, '91234567894');

INSERT INTO INGREDIENTE (EAN_INGREDIENTE, NOME_INGREDIENTE, DESC_INGREDIENTE, PREZZO_INGREDIENTE, PARTITAIVA) VALUES('4567890124567', 'Guanciale stagionato 200g', 'Guanciale', 3.50, '71234567892');

INSERT INTO INGREDIENTE (EAN_INGREDIENTE, NOME_INGREDIENTE, DESC_INGREDIENTE, PREZZO_INGREDIENTE, PARTITAIVA) VALUES('4567890125678', 'Pecorino Romano DOP 150g', 'Pecorino', 2.50, '10234567895');

INSERT INTO INGREDIENTE (EAN_INGREDIENTE, NOME_INGREDIENTE, DESC_INGREDIENTE, PREZZO_INGREDIENTE, PARTITAIVA) VALUES('4567890126789', 'Uova fresche 4pz', 'Uova', 1.20, '30234567897');

INSERT INTO INGREDIENTE (EAN_INGREDIENTE, NOME_INGREDIENTE, DESC_INGREDIENTE, PREZZO_INGREDIENTE, PARTITAIVA) VALUES('4567890127890', 'Pepe nero macinato 50g', 'Pepe Nero', 0.80, '50234567899');

INSERT INTO INGREDIENTE (EAN_INGREDIENTE, NOME_INGREDIENTE, DESC_INGREDIENTE, PREZZO_INGREDIENTE, PARTITAIVA) VALUES('4567890128901', 'Sale fino 1kg', 'Sale', 0.50, '30234567897');

INSERT INTO INGREDIENTE (EAN_INGREDIENTE, NOME_INGREDIENTE, DESC_INGREDIENTE, PREZZO_INGREDIENTE, PARTITAIVA) VALUES('5678901234567', 'Farina tipo 00 1kg', 'Farina', 1.50, '91234567894');

INSERT INTO INGREDIENTE (EAN_INGREDIENTE, NOME_INGREDIENTE, DESC_INGREDIENTE, PREZZO_INGREDIENTE, PARTITAIVA) VALUES('5678901235678', 'Passata di pomodoro 500ml', 'Passata di Pomodoro', 2.00, '50234567899');

INSERT INTO INGREDIENTE (EAN_INGREDIENTE, NOME_INGREDIENTE, DESC_INGREDIENTE, PREZZO_INGREDIENTE, PARTITAIVA) VALUES('5678901236789', 'Mozzarella fiordilatte 500g', 'Mozzarella', 4.00, '10234567895');

INSERT INTO INGREDIENTE (EAN_INGREDIENTE, NOME_INGREDIENTE, DESC_INGREDIENTE, PREZZO_INGREDIENTE, PARTITAIVA) VALUES('5678901237890', 'Olio extravergine di oliva 250ml', 'Olio EVO', 3.50, '30234567897');

INSERT INTO INGREDIENTE (EAN_INGREDIENTE, NOME_INGREDIENTE, DESC_INGREDIENTE, PREZZO_INGREDIENTE, PARTITAIVA) VALUES('5678901238901', 'Lievito di birra fresco 25g', 'Lievito', 0.80, '91234567894');

INSERT INTO INGREDIENTE (EAN_INGREDIENTE, NOME_INGREDIENTE, DESC_INGREDIENTE, PREZZO_INGREDIENTE, PARTITAIVA) VALUES('5678901239012', 'Basilico fresco 30g', 'Basilico', 1.20, '50234567899');

INSERT INTO INGREDIENTE (EAN_INGREDIENTE, NOME_INGREDIENTE, DESC_INGREDIENTE, PREZZO_INGREDIENTE, PARTITAIVA) VALUES('6789012345678', 'Ceci secchi 500g', 'Ceci', 2.50, '50234567899');

INSERT INTO INGREDIENTE (EAN_INGREDIENTE, NOME_INGREDIENTE, DESC_INGREDIENTE, PREZZO_INGREDIENTE, PARTITAIVA) VALUES('6789012346789', 'Tahina 200g', 'Tahina', 3.00, '30234567897');

INSERT INTO INGREDIENTE (EAN_INGREDIENTE, NOME_INGREDIENTE, DESC_INGREDIENTE, PREZZO_INGREDIENTE, PARTITAIVA) VALUES('6789012347890', 'Farina di ceci 200g', 'Farina di Ceci', 1.50, '50234567899');

INSERT INTO INGREDIENTE (EAN_INGREDIENTE, NOME_INGREDIENTE, DESC_INGREDIENTE, PREZZO_INGREDIENTE, PARTITAIVA) VALUES('6789012348901', 'Cumino in polvere 50g', 'Cumino', 1.20, '50234567899');

INSERT INTO INGREDIENTE (EAN_INGREDIENTE, NOME_INGREDIENTE, DESC_INGREDIENTE, PREZZO_INGREDIENTE, PARTITAIVA) VALUES('6789012349012', 'Prezzemolo fresco 50g', 'Prezzemolo', 0.80, '50234567899');

INSERT INTO INGREDIENTE (EAN_INGREDIENTE, NOME_INGREDIENTE, DESC_INGREDIENTE, PREZZO_INGREDIENTE, PARTITAIVA) VALUES('7890123456789', 'Carne macinata mista 500g', 'Carne Macinata', 5.00, '20234567896');

INSERT INTO INGREDIENTE (EAN_INGREDIENTE, NOME_INGREDIENTE, DESC_INGREDIENTE, PREZZO_INGREDIENTE, PARTITAIVA) VALUES('7890123457890', 'Pangrattato 200g', 'Pangrattato', 1.50, '91234567894');

INSERT INTO INGREDIENTE (EAN_INGREDIENTE, NOME_INGREDIENTE, DESC_INGREDIENTE, PREZZO_INGREDIENTE, PARTITAIVA) VALUES('7890123458901', 'Patate novelle 1kg', 'Patate', 2.50, '50234567899');

INSERT INTO INGREDIENTE (EAN_INGREDIENTE, NOME_INGREDIENTE, DESC_INGREDIENTE, PREZZO_INGREDIENTE, PARTITAIVA) VALUES('7890123459012', 'Panna da cucina 200ml', 'Panna', 1.80, '30234567897');

INSERT INTO INGREDIENTE (EAN_INGREDIENTE, NOME_INGREDIENTE, DESC_INGREDIENTE, PREZZO_INGREDIENTE, PARTITAIVA) VALUES('7890123450123', 'Confettura di mirtilli rossi 200g', 'Mirtilli Rossi', 3.00, '30234567897');

INSERT INTO INGREDIENTE (EAN_INGREDIENTE, NOME_INGREDIENTE, DESC_INGREDIENTE, PREZZO_INGREDIENTE, PARTITAIVA) VALUES('7890123451234', 'Cipolla', 'Cipolla', 0.80, '50234567899');

INSERT INTO INGREDIENTE (EAN_INGREDIENTE, NOME_INGREDIENTE, DESC_INGREDIENTE, PREZZO_INGREDIENTE, PARTITAIVA) VALUES('7890123452345', 'Burro 250g', 'Burro', 2.00, '10234567895');

INSERT INTO INGREDIENTE (EAN_INGREDIENTE, NOME_INGREDIENTE, DESC_INGREDIENTE, PREZZO_INGREDIENTE, PARTITAIVA) VALUES('7890123453456', 'Spezie per polpette svedesi', 'Mix Spezie', 1.50, '50234567899');

INSERT INTO INGREDIENTE (EAN_INGREDIENTE, NOME_INGREDIENTE, DESC_INGREDIENTE, PREZZO_INGREDIENTE, PARTITAIVA) VALUES('8901234567890', 'Taralli pugliesi 200g', 'Taralli', 2.50, '71234567892');

INSERT INTO INGREDIENTE (EAN_INGREDIENTE, NOME_INGREDIENTE, DESC_INGREDIENTE, PREZZO_INGREDIENTE, PARTITAIVA) VALUES('8901234568901', 'Olive verdi denocciolate 200g', 'Olive Verdi', 2.00, '30234567897');

INSERT INTO INGREDIENTE (EAN_INGREDIENTE, NOME_INGREDIENTE, DESC_INGREDIENTE, PREZZO_INGREDIENTE, PARTITAIVA) VALUES('8901234569012', 'Salatini misti 150g', 'Salatini', 1.50, '91234567894');

INSERT INTO INGREDIENTE (EAN_INGREDIENTE, NOME_INGREDIENTE, DESC_INGREDIENTE, PREZZO_INGREDIENTE, PARTITAIVA) VALUES('8901234560123', 'Grana Padano a scaglie 100g', 'Grana Padano', 2.50, '10234567895');

INSERT INTO INGREDIENTE (EAN_INGREDIENTE, NOME_INGREDIENTE, DESC_INGREDIENTE, PREZZO_INGREDIENTE, PARTITAIVA) VALUES('8901234561234', 'Salsa guacamole 150g', 'Guacamole', 2.00, '80234567902');

INSERT INTO INGREDIENTE (EAN_INGREDIENTE, NOME_INGREDIENTE, DESC_INGREDIENTE, PREZZO_INGREDIENTE, PARTITAIVA) VALUES('8901234562345', 'Patatine rustiche 150g', 'Patatine', 1.50, '40234567898');

INSERT INTO INGREDIENTE (EAN_INGREDIENTE, NOME_INGREDIENTE, DESC_INGREDIENTE, PREZZO_INGREDIENTE, PARTITAIVA) VALUES('9012345679012', 'Lievito di birra fresco 25g', 'Lievito', 0.80, '30234567897');

INSERT INTO INGREDIENTE (EAN_INGREDIENTE, NOME_INGREDIENTE, DESC_INGREDIENTE, PREZZO_INGREDIENTE, PARTITAIVA) VALUES('9012345670123', 'Strutto 200g', 'Strutto', 2.00, '10234567895');

INSERT INTO INGREDIENTE (EAN_INGREDIENTE, NOME_INGREDIENTE, DESC_INGREDIENTE, PREZZO_INGREDIENTE, PARTITAIVA) VALUES('9012345671234', 'Pecorino grattugiato 150g', 'Pecorino', 2.50, '10234567895');

INSERT INTO INGREDIENTE (EAN_INGREDIENTE, NOME_INGREDIENTE, DESC_INGREDIENTE, PREZZO_INGREDIENTE, PARTITAIVA) VALUES('9012345672345', 'Salame napoletano 200g', 'Salame', 4.00, '71234567892');

INSERT INTO INGREDIENTE (EAN_INGREDIENTE, NOME_INGREDIENTE, DESC_INGREDIENTE, PREZZO_INGREDIENTE, PARTITAIVA) VALUES('9012345673456', 'Prosciutto cotto 200g', 'Prosciutto Cotto', 3.50, '71234567892');

INSERT INTO INGREDIENTE (EAN_INGREDIENTE, NOME_INGREDIENTE, DESC_INGREDIENTE, PREZZO_INGREDIENTE, PARTITAIVA) VALUES('9012345674567', 'Provolone dolce 200g', 'Provolone', 3.00, '10234567895');

INSERT INTO INGREDIENTE (EAN_INGREDIENTE, NOME_INGREDIENTE, DESC_INGREDIENTE, PREZZO_INGREDIENTE, PARTITAIVA) VALUES('9012345675678', 'Uova fresche 6pz', 'Uova', 2.50, '30234567897');

INSERT INTO INGREDIENTE (EAN_INGREDIENTE, NOME_INGREDIENTE, DESC_INGREDIENTE, PREZZO_INGREDIENTE, PARTITAIVA) VALUES('9012345676789', 'Pepe nero macinato 50g', 'Pepe Nero', 0.80, '71234567892');

INSERT INTO INGREDIENTE (EAN_INGREDIENTE, NOME_INGREDIENTE, DESC_INGREDIENTE, PREZZO_INGREDIENTE, PARTITAIVA) VALUES('9012345677890', 'Sale fino 1kg', 'Sale', 0.70, '30234567897');

INSERT INTO INGREDIENTE (EAN_INGREDIENTE, NOME_INGREDIENTE, DESC_INGREDIENTE, PREZZO_INGREDIENTE, PARTITAIVA) VALUES('0123456789012', 'Carne di maiale macinata 300g', 'Carne di Maiale', 4.00, '20234567896');

INSERT INTO INGREDIENTE (EAN_INGREDIENTE, NOME_INGREDIENTE, DESC_INGREDIENTE, PREZZO_INGREDIENTE, PARTITAIVA) VALUES('0123456789123', 'Cavolo cinese 200g', 'Cavolo Cinese', 1.50, '51234567890');

INSERT INTO INGREDIENTE (EAN_INGREDIENTE, NOME_INGREDIENTE, DESC_INGREDIENTE, PREZZO_INGREDIENTE, PARTITAIVA) VALUES('0123456789234', 'Funghi shiitake secchi 50g', 'Funghi Shiitake', 3.00, '51234567890');

INSERT INTO INGREDIENTE (EAN_INGREDIENTE, NOME_INGREDIENTE, DESC_INGREDIENTE, PREZZO_INGREDIENTE, PARTITAIVA) VALUES('0123456789345', 'Aglio fresco 1 testa', 'Aglio', 0.80, '50234567899');

INSERT INTO INGREDIENTE (EAN_INGREDIENTE, NOME_INGREDIENTE, DESC_INGREDIENTE, PREZZO_INGREDIENTE, PARTITAIVA) VALUES('0123456789456', 'Zenzero fresco 50g', 'Zenzero', 1.20, '50234567899');

INSERT INTO INGREDIENTE (EAN_INGREDIENTE, NOME_INGREDIENTE, DESC_INGREDIENTE, PREZZO_INGREDIENTE, PARTITAIVA) VALUES('0123456789567', 'Pasta per gyoza 200g', 'Pasta Gyoza', 4.30, '60234567900');

INSERT INTO INGREDIENTE (EAN_INGREDIENTE, NOME_INGREDIENTE, DESC_INGREDIENTE, PREZZO_INGREDIENTE, PARTITAIVA) VALUES('1123456789012', 'Farina tipo 00 1kg', 'Farina', 1.50, '91234567894');

INSERT INTO INGREDIENTE (EAN_INGREDIENTE, NOME_INGREDIENTE, DESC_INGREDIENTE, PREZZO_INGREDIENTE, PARTITAIVA) VALUES('1123456789123', 'Zucchero semolato 500g', 'Zucchero', 2.00, '30234567897');

INSERT INTO INGREDIENTE (EAN_INGREDIENTE, NOME_INGREDIENTE, DESC_INGREDIENTE, PREZZO_INGREDIENTE, PARTITAIVA) VALUES('1123456789234', 'Lievito di birra fresco 25g', 'Lievito', 0.80, '60234567900');

INSERT INTO INGREDIENTE (EAN_INGREDIENTE, NOME_INGREDIENTE, DESC_INGREDIENTE, PREZZO_INGREDIENTE, PARTITAIVA) VALUES('1123456789345', 'Uova fresche 4pz', 'Uova', 1.20, '60234567900');

INSERT INTO INGREDIENTE (EAN_INGREDIENTE, NOME_INGREDIENTE, DESC_INGREDIENTE, PREZZO_INGREDIENTE, PARTITAIVA) VALUES('1123456789456', 'Latte intero 500ml', 'Latte', 1.50, '10234567895');

INSERT INTO INGREDIENTE (EAN_INGREDIENTE, NOME_INGREDIENTE, DESC_INGREDIENTE, PREZZO_INGREDIENTE, PARTITAIVA) VALUES('1123456789567', 'Burro 250g', 'Burro', 2.00, '10234567895');

INSERT INTO INGREDIENTE (EAN_INGREDIENTE, NOME_INGREDIENTE, DESC_INGREDIENTE, PREZZO_INGREDIENTE, PARTITAIVA) VALUES('1123456789678', 'Vaniglia in polvere 50g', 'Vaniglia', 2.50, '60234567900');

INSERT INTO INGREDIENTE (EAN_INGREDIENTE, NOME_INGREDIENTE, DESC_INGREDIENTE, PREZZO_INGREDIENTE, PARTITAIVA) VALUES('1123456789789', 'Olio per frittura 1L', 'Olio per Frittura', 1.80, '60234567900');

INSERT INTO INGREDIENTE (EAN_INGREDIENTE, NOME_INGREDIENTE, DESC_INGREDIENTE, PREZZO_INGREDIENTE, PARTITAIVA) VALUES('2123456789012', 'Calamari freschi 300g', 'Calamari', 6.00, '61234567891');

INSERT INTO INGREDIENTE (EAN_INGREDIENTE, NOME_INGREDIENTE, DESC_INGREDIENTE, PREZZO_INGREDIENTE, PARTITAIVA) VALUES('2123456789123', 'Gamberi sgusciati 250g', 'Gamberi', 7.00, '61234567891');

INSERT INTO INGREDIENTE (EAN_INGREDIENTE, NOME_INGREDIENTE, DESC_INGREDIENTE, PREZZO_INGREDIENTE, PARTITAIVA) VALUES('2123456789234', 'Acciughe fresche 200g', 'Acciughe', 4.00, '61234567891');

INSERT INTO INGREDIENTE (EAN_INGREDIENTE, NOME_INGREDIENTE, DESC_INGREDIENTE, PREZZO_INGREDIENTE, PARTITAIVA) VALUES('2123456789345', 'Farina di semola 500g', 'Farina di Semola', 1.80, '60234567900');

INSERT INTO INGREDIENTE (EAN_INGREDIENTE, NOME_INGREDIENTE, DESC_INGREDIENTE, PREZZO_INGREDIENTE, PARTITAIVA) VALUES('2123456789567', 'Prezzemolo fresco 50g', 'Prezzemolo', 1.00, '50234567899');

INSERT INTO INGREDIENTE (EAN_INGREDIENTE, NOME_INGREDIENTE, DESC_INGREDIENTE, PREZZO_INGREDIENTE, PARTITAIVA) VALUES('3123456789012', 'Carne di manzo macinata 400g', 'Carne di Manzo', 6.00, '20234567896');

INSERT INTO INGREDIENTE (EAN_INGREDIENTE, NOME_INGREDIENTE, DESC_INGREDIENTE, PREZZO_INGREDIENTE, PARTITAIVA) VALUES('3123456789123', 'Panini per hamburger 4pz', 'Panino Hamburger', 2.50, '70234567901');

INSERT INTO INGREDIENTE (EAN_INGREDIENTE, NOME_INGREDIENTE, DESC_INGREDIENTE, PREZZO_INGREDIENTE, PARTITAIVA) VALUES('3123456789234', 'Formaggio cheddar 200g', 'Formaggio Cheddar', 3.00, '70234567901');

INSERT INTO INGREDIENTE (EAN_INGREDIENTE, NOME_INGREDIENTE, DESC_INGREDIENTE, PREZZO_INGREDIENTE, PARTITAIVA) VALUES('3123456789345', 'Salsa ketchup 250g', 'Ketchup', 1.00, '70234567901');

INSERT INTO INGREDIENTE (EAN_INGREDIENTE, NOME_INGREDIENTE, DESC_INGREDIENTE, PREZZO_INGREDIENTE, PARTITAIVA) VALUES('3123456789456', 'Insalata iceberg 200g', 'Insalata', 1.20, '50234567899');

INSERT INTO INGREDIENTE (EAN_INGREDIENTE, NOME_INGREDIENTE, DESC_INGREDIENTE, PREZZO_INGREDIENTE, PARTITAIVA) VALUES('4123456789012', 'Crostini toscani 150g', 'Crostini', 2.50, '60234567900');

INSERT INTO INGREDIENTE (EAN_INGREDIENTE, NOME_INGREDIENTE, DESC_INGREDIENTE, PREZZO_INGREDIENTE, PARTITAIVA) VALUES('4123456789123', 'Prosciutto crudo di Parma 150g', 'Prosciutto Crudo', 4.50, '20234567896');

INSERT INTO INGREDIENTE (EAN_INGREDIENTE, NOME_INGREDIENTE, DESC_INGREDIENTE, PREZZO_INGREDIENTE, PARTITAIVA) VALUES('4123456789234', 'Olive ascolane 200g', 'Olive Ascolane', 3.00, '80234567902');

INSERT INTO INGREDIENTE (EAN_INGREDIENTE, NOME_INGREDIENTE, DESC_INGREDIENTE, PREZZO_INGREDIENTE, PARTITAIVA) VALUES('4123456789345', 'Grissini 200g', 'Grissini', 1.80, '80234567902');

INSERT INTO INGREDIENTE (EAN_INGREDIENTE, NOME_INGREDIENTE, DESC_INGREDIENTE, PREZZO_INGREDIENTE, PARTITAIVA) VALUES('4123456789456', 'Pecorino Sardo 200g', 'Pecorino', 3.50, '10234567895');

INSERT INTO INGREDIENTE (EAN_INGREDIENTE, NOME_INGREDIENTE, DESC_INGREDIENTE, PREZZO_INGREDIENTE, PARTITAIVA) VALUES('4123456789567', 'Pomodori secchi sott’olio 150g', 'Pomodori Secchi', 2.00, '50234567899');

INSERT INTO INGREDIENTE (EAN_INGREDIENTE, NOME_INGREDIENTE, DESC_INGREDIENTE, PREZZO_INGREDIENTE, PARTITAIVA) VALUES('4123456789678', 'Vino bianco secco 750ml', 'Vino Bianco', 4.90, '50234567899');

INSERT INTO INGREDIENTE (EAN_INGREDIENTE, NOME_INGREDIENTE, DESC_INGREDIENTE, PREZZO_INGREDIENTE, PARTITAIVA) VALUES('4123456789789', 'Bottiglia di acqua frizzante 500ml', 'Acqua Frizzante', 0.50, '80234567902');

INSERT INTO INGREDIENTE (EAN_INGREDIENTE, NOME_INGREDIENTE, DESC_INGREDIENTE, PREZZO_INGREDIENTE, PARTITAIVA) VALUES('5123456789012', 'Noodles Udon 400g', 'Udon', 3.50, '51234567890');

INSERT INTO INGREDIENTE (EAN_INGREDIENTE, NOME_INGREDIENTE, DESC_INGREDIENTE, PREZZO_INGREDIENTE, PARTITAIVA) VALUES('5123456789123', 'Brodo dashi 500ml', 'Brodo Dashi', 2.50, '51234567890');

INSERT INTO INGREDIENTE (EAN_INGREDIENTE, NOME_INGREDIENTE, DESC_INGREDIENTE, PREZZO_INGREDIENTE, PARTITAIVA) VALUES('5123456789234', 'Salsa di soia 250ml', 'Salsa di Soia', 1.80, '51234567890');

INSERT INTO INGREDIENTE (EAN_INGREDIENTE, NOME_INGREDIENTE, DESC_INGREDIENTE, PREZZO_INGREDIENTE, PARTITAIVA) VALUES('5123456789345', 'Funghi shiitake freschi 100g', 'Funghi Shiitake', 3.00, '50234567899');

INSERT INTO INGREDIENTE (EAN_INGREDIENTE, NOME_INGREDIENTE, DESC_INGREDIENTE, PREZZO_INGREDIENTE, PARTITAIVA) VALUES('5123456789456', 'Tofu 200g', 'Tofu', 2.20, '50234567899');

INSERT INTO INGREDIENTE (EAN_INGREDIENTE, NOME_INGREDIENTE, DESC_INGREDIENTE, PREZZO_INGREDIENTE, PARTITAIVA) VALUES('5123456789567', 'Cipollotto fresco 3pz', 'Cipollotto', 1.00, '51234567890');

INSERT INTO VALORI_NUTRIZIONALI (PROTEINE, CARBOIDRATI, ZUCCHERI, FIBRE, GRASSI, SALE, CHILOCALORIE, EAN_BOX)  
VALUES (4.5, 22.0, 12.0, 2.5, 8.0, 0.5, 150, '8001234567890');

INSERT INTO VALORI_NUTRIZIONALI (PROTEINE, CARBOIDRATI, ZUCCHERI, FIBRE, GRASSI, SALE, CHILOCALORIE, EAN_BOX)  
VALUES (8.0, 28.0, 5.0, 4.0, 6.0, 0.7, 220, '8002345678906');

INSERT INTO VALORI_NUTRIZIONALI (PROTEINE, CARBOIDRATI, ZUCCHERI, FIBRE, GRASSI, SALE, CHILOCALORIE, EAN_BOX)  
VALUES (6.5, 30.0, 15.0, 3.0, 10.0, 0.8, 250, '8003456789012');

INSERT INTO VALORI_NUTRIZIONALI (PROTEINE, CARBOIDRATI, ZUCCHERI, FIBRE, GRASSI, SALE, CHILOCALORIE, EAN_BOX)  
VALUES (12.0, 40.0, 3.0, 2.0, 12.0, 1.0, 350, '8004567890128');

INSERT INTO VALORI_NUTRIZIONALI (PROTEINE, CARBOIDRATI, ZUCCHERI, FIBRE, GRASSI, SALE, CHILOCALORIE, EAN_BOX)  
VALUES (10.0, 35.0, 2.0, 2.5, 15.0, 1.2, 380, '8005678901234');

INSERT INTO VALORI_NUTRIZIONALI (PROTEINE, CARBOIDRATI, ZUCCHERI, FIBRE, GRASSI, SALE, CHILOCALORIE, EAN_BOX)  
VALUES (7.5, 20.0, 4.0, 5.0, 8.0, 0.5, 180, '8006789012340');

INSERT INTO VALORI_NUTRIZIONALI (PROTEINE, CARBOIDRATI, ZUCCHERI, FIBRE, GRASSI, SALE, CHILOCALORIE, EAN_BOX)  
VALUES (9.0, 25.0, 8.0, 3.0, 11.0, 0.9, 260, '8007890123456');

INSERT INTO VALORI_NUTRIZIONALI (PROTEINE, CARBOIDRATI, ZUCCHERI, FIBRE, GRASSI, SALE, CHILOCALORIE, EAN_BOX)  
VALUES (5.0, 15.0, 6.0, 1.5, 7.0, 0.6, 190, '8008901234562');

INSERT INTO VALORI_NUTRIZIONALI (PROTEINE, CARBOIDRATI, ZUCCHERI, FIBRE, GRASSI, SALE, CHILOCALORIE, EAN_BOX)  
VALUES (15.0, 30.0, 4.0, 2.5, 18.0, 1.0, 420, '8009012345678');

INSERT INTO VALORI_NUTRIZIONALI (PROTEINE, CARBOIDRATI, ZUCCHERI, FIBRE, GRASSI, SALE, CHILOCALORIE, EAN_BOX)  
VALUES (6.5, 28.0, 7.0, 3.0, 10.0, 0.8, 280, '8000123456789');

INSERT INTO VALORI_NUTRIZIONALI (PROTEINE, CARBOIDRATI, ZUCCHERI, FIBRE, GRASSI, SALE, CHILOCALORIE, EAN_BOX)  
VALUES (5.0, 35.0, 15.0, 2.0, 12.0, 0.7, 310, '8001123456785');

INSERT INTO VALORI_NUTRIZIONALI (PROTEINE, CARBOIDRATI, ZUCCHERI, FIBRE, GRASSI, SALE, CHILOCALORIE, EAN_BOX)  
VALUES (12.0, 40.0, 3.0, 4.0, 22.0, 1.5, 500, '8002123456781');

INSERT INTO VALORI_NUTRIZIONALI (PROTEINE, CARBOIDRATI, ZUCCHERI, FIBRE, GRASSI, SALE, CHILOCALORIE, EAN_BOX)  
VALUES (20.0, 25.0, 8.0, 2.5, 18.0, 1.2, 440, '8003123456787');

INSERT INTO VALORI_NUTRIZIONALI (PROTEINE, CARBOIDRATI, ZUCCHERI, FIBRE, GRASSI, SALE, CHILOCALORIE, EAN_BOX)  
VALUES (8.0, 22.0, 5.0, 3.5, 14.0, 1.0, 290, '8004123456783');

INSERT INTO VALORI_NUTRIZIONALI (PROTEINE, CARBOIDRATI, ZUCCHERI, FIBRE, GRASSI, SALE, CHILOCALORIE, EAN_BOX)  
VALUES (7.0, 30.0, 10.0, 3.0, 20.0, 1.2, 340, '8005123456789');

INSERT INTO ALLERGENI (NOME_ALLERGENE, DESCRIZIONE_ALLERGENE, EAN_BOX)  
VALUES ('Lattosio', 'Presenza di lattosio', '8001234567890');

INSERT INTO ALLERGENI (NOME_ALLERGENE, DESCRIZIONE_ALLERGENE, EAN_BOX)  
VALUES ('Soia', 'Può contenere tracce di soia', '8002345678906');

INSERT INTO ALLERGENI (NOME_ALLERGENE, DESCRIZIONE_ALLERGENE, EAN_BOX)  
VALUES ('Glutine', 'Presenza di farina di frumento', '8003456789012');

INSERT INTO ALLERGENI (NOME_ALLERGENE, DESCRIZIONE_ALLERGENE, EAN_BOX)  
VALUES ('Uova', 'Contiene uova', '8004567890128');

INSERT INTO ALLERGENI (NOME_ALLERGENE, DESCRIZIONE_ALLERGENE, EAN_BOX)  
VALUES ('Lattosio', 'Presenza di formaggio', '8005678901234');

INSERT INTO ALLERGENI (NOME_ALLERGENE, DESCRIZIONE_ALLERGENE, EAN_BOX)  
VALUES ('Sesamo', 'Può contenere tracce di sesamo', '8006789012340');

INSERT INTO ALLERGENI (NOME_ALLERGENE, DESCRIZIONE_ALLERGENE, EAN_BOX)  
VALUES ('Frutta a guscio', 'Presenza di mandorle', '8007890123456');

INSERT INTO ALLERGENI (NOME_ALLERGENE, DESCRIZIONE_ALLERGENE, EAN_BOX)  
VALUES ('Lattosio', 'Contiene lattosio', '8008901234562');

INSERT INTO ALLERGENI (NOME_ALLERGENE, DESCRIZIONE_ALLERGENE, EAN_BOX)  
VALUES ('Glutine', 'Presenza di farina di grano', '8009012345678');

INSERT INTO ALLERGENI (NOME_ALLERGENE, DESCRIZIONE_ALLERGENE, EAN_BOX)  
VALUES ('Soia', 'Presenza di salsa di soia', '8000123456789');

INSERT INTO ALLERGENI (NOME_ALLERGENE, DESCRIZIONE_ALLERGENE, EAN_BOX)  
VALUES ('Uova', 'Presenza di uova', '8001123456785');

INSERT INTO ALLERGENI (NOME_ALLERGENE, DESCRIZIONE_ALLERGENE, EAN_BOX)  
VALUES ('Pesce', 'Contiene crostacei', '8002123456781');

INSERT INTO ALLERGENI (NOME_ALLERGENE, DESCRIZIONE_ALLERGENE, EAN_BOX)  
VALUES ('Sesamo', 'Può contenere tracce di semi di sesamo', '8003123456787');

INSERT INTO ALLERGENI (NOME_ALLERGENE, DESCRIZIONE_ALLERGENE, EAN_BOX)  
VALUES ('Lattosio', 'Presenza di formaggi italiani', '8004123456783');

INSERT INTO ALLERGENI (NOME_ALLERGENE, DESCRIZIONE_ALLERGENE, EAN_BOX)  
VALUES ('Glutine', 'Presenza di udon a base di farina', '8005123456789');

INSERT INTO COMPOSIZIONE_BOX ( EAN_BOX, EAN_INGREDIENTE) VALUES ('8001234567890', '1234567890123');

INSERT INTO COMPOSIZIONE_BOX ( EAN_BOX, EAN_INGREDIENTE) VALUES ('8001234567890', '1234567890456');

INSERT INTO COMPOSIZIONE_BOX ( EAN_BOX, EAN_INGREDIENTE) VALUES ('8001234567890', '1234567890789');

INSERT INTO COMPOSIZIONE_BOX ( EAN_BOX, EAN_INGREDIENTE) VALUES ('8001234567890', '1234567890890');

INSERT INTO COMPOSIZIONE_BOX ( EAN_BOX, EAN_INGREDIENTE) VALUES ('8001234567890', '1234567890125');

INSERT INTO COMPOSIZIONE_BOX ( EAN_BOX, EAN_INGREDIENTE) VALUES ('8002345678906', '2345678901234');

INSERT INTO COMPOSIZIONE_BOX ( EAN_BOX, EAN_INGREDIENTE) VALUES ('8002345678906', '2345678905678');

INSERT INTO COMPOSIZIONE_BOX ( EAN_BOX, EAN_INGREDIENTE) VALUES ('8002345678906', '2345678907890');

INSERT INTO COMPOSIZIONE_BOX ( EAN_BOX, EAN_INGREDIENTE) VALUES ('8002345678906', '2345678902345');

INSERT INTO COMPOSIZIONE_BOX ( EAN_BOX, EAN_INGREDIENTE) VALUES ('8002345678906', '2345678903456');

INSERT INTO COMPOSIZIONE_BOX ( EAN_BOX, EAN_INGREDIENTE) VALUES ('8002345678906', '2345678904567');

INSERT INTO COMPOSIZIONE_BOX ( EAN_BOX, EAN_INGREDIENTE) VALUES ('8002345678906', '2345678906789');

INSERT INTO COMPOSIZIONE_BOX ( EAN_BOX, EAN_INGREDIENTE) VALUES ('8003456789012', '3456789012345');

INSERT INTO COMPOSIZIONE_BOX ( EAN_BOX, EAN_INGREDIENTE) VALUES ('8003456789012', '3456789013456');

INSERT INTO COMPOSIZIONE_BOX ( EAN_BOX, EAN_INGREDIENTE) VALUES ('8003456789012', '3456789014567');

INSERT INTO COMPOSIZIONE_BOX ( EAN_BOX, EAN_INGREDIENTE) VALUES ('8003456789012', '3456789015678');

INSERT INTO COMPOSIZIONE_BOX ( EAN_BOX, EAN_INGREDIENTE) VALUES ('8003456789012', '3456789016789');

INSERT INTO COMPOSIZIONE_BOX ( EAN_BOX, EAN_INGREDIENTE) VALUES ('8003456789012', '3456789017890');

INSERT INTO COMPOSIZIONE_BOX ( EAN_BOX, EAN_INGREDIENTE) VALUES ('8003456789012', '3456789018901');

INSERT INTO COMPOSIZIONE_BOX ( EAN_BOX, EAN_INGREDIENTE) VALUES ('8003456789012', '3456789019012');

INSERT INTO COMPOSIZIONE_BOX ( EAN_BOX, EAN_INGREDIENTE) VALUES ('8004567890128', '4567890123456');

INSERT INTO COMPOSIZIONE_BOX ( EAN_BOX, EAN_INGREDIENTE) VALUES ('8004567890128', '4567890124567');

INSERT INTO COMPOSIZIONE_BOX ( EAN_BOX, EAN_INGREDIENTE) VALUES ('8004567890128', '4567890125678');

INSERT INTO COMPOSIZIONE_BOX ( EAN_BOX, EAN_INGREDIENTE) VALUES ('8004567890128', '4567890126789');

INSERT INTO COMPOSIZIONE_BOX ( EAN_BOX, EAN_INGREDIENTE) VALUES ('8004567890128', '4567890127890');

INSERT INTO COMPOSIZIONE_BOX ( EAN_BOX, EAN_INGREDIENTE) VALUES ('8005678901234', '4567890128901');

INSERT INTO COMPOSIZIONE_BOX ( EAN_BOX, EAN_INGREDIENTE) VALUES ('8005678901234', '5678901234567');

INSERT INTO COMPOSIZIONE_BOX ( EAN_BOX, EAN_INGREDIENTE) VALUES ('8005678901234', '5678901235678');

INSERT INTO COMPOSIZIONE_BOX ( EAN_BOX, EAN_INGREDIENTE) VALUES ('8005678901234', '5678901236789');

INSERT INTO COMPOSIZIONE_BOX ( EAN_BOX, EAN_INGREDIENTE) VALUES ('8005678901234', '5678901237890');

INSERT INTO COMPOSIZIONE_BOX ( EAN_BOX, EAN_INGREDIENTE) VALUES ('8005678901234', '5678901238901');

INSERT INTO COMPOSIZIONE_BOX ( EAN_BOX, EAN_INGREDIENTE) VALUES ('8005678901234', '5678901239012');

INSERT INTO COMPOSIZIONE_BOX ( EAN_BOX, EAN_INGREDIENTE) VALUES ('8006789012340', '6789012345678');

INSERT INTO COMPOSIZIONE_BOX ( EAN_BOX, EAN_INGREDIENTE) VALUES ('8006789012340', '6789012346789');

INSERT INTO COMPOSIZIONE_BOX ( EAN_BOX, EAN_INGREDIENTE) VALUES ('8006789012340', '6789012347890');

INSERT INTO COMPOSIZIONE_BOX ( EAN_BOX, EAN_INGREDIENTE) VALUES ('8006789012340', '6789012348901');

INSERT INTO COMPOSIZIONE_BOX ( EAN_BOX, EAN_INGREDIENTE) VALUES ('8007890123456', '6789012349012');

INSERT INTO COMPOSIZIONE_BOX ( EAN_BOX, EAN_INGREDIENTE) VALUES ('8007890123456', '7890123456789');

INSERT INTO COMPOSIZIONE_BOX ( EAN_BOX, EAN_INGREDIENTE) VALUES ('8007890123456', '7890123457890');

INSERT INTO COMPOSIZIONE_BOX ( EAN_BOX, EAN_INGREDIENTE) VALUES ('8007890123456', '7890123458901');

INSERT INTO COMPOSIZIONE_BOX ( EAN_BOX, EAN_INGREDIENTE) VALUES ('8007890123456', '7890123459012');

INSERT INTO COMPOSIZIONE_BOX ( EAN_BOX, EAN_INGREDIENTE) VALUES ('8007890123456', '7890123450123');

INSERT INTO COMPOSIZIONE_BOX ( EAN_BOX, EAN_INGREDIENTE) VALUES ('8007890123456', '7890123451234');

INSERT INTO COMPOSIZIONE_BOX ( EAN_BOX, EAN_INGREDIENTE) VALUES ('8007890123456', '7890123452345');

INSERT INTO COMPOSIZIONE_BOX ( EAN_BOX, EAN_INGREDIENTE) VALUES ('8007890123456', '7890123453456');

INSERT INTO COMPOSIZIONE_BOX ( EAN_BOX, EAN_INGREDIENTE) VALUES ('8008901234562', '8901234567890');

INSERT INTO COMPOSIZIONE_BOX ( EAN_BOX, EAN_INGREDIENTE) VALUES ('8008901234562', '8901234568901');

INSERT INTO COMPOSIZIONE_BOX ( EAN_BOX, EAN_INGREDIENTE) VALUES ('8008901234562', '8901234569012');

INSERT INTO COMPOSIZIONE_BOX ( EAN_BOX, EAN_INGREDIENTE) VALUES ('8008901234562', '8901234560123');

INSERT INTO COMPOSIZIONE_BOX ( EAN_BOX, EAN_INGREDIENTE) VALUES ('8008901234562', '8901234561234');

INSERT INTO COMPOSIZIONE_BOX ( EAN_BOX, EAN_INGREDIENTE) VALUES ('8008901234562', '8901234562345');

INSERT INTO COMPOSIZIONE_BOX ( EAN_BOX, EAN_INGREDIENTE) VALUES ('8009012345678', '9012345679012');

INSERT INTO COMPOSIZIONE_BOX ( EAN_BOX, EAN_INGREDIENTE) VALUES ('8009012345678', '9012345670123');

INSERT INTO COMPOSIZIONE_BOX ( EAN_BOX, EAN_INGREDIENTE) VALUES ('8009012345678', '9012345671234');

INSERT INTO COMPOSIZIONE_BOX ( EAN_BOX, EAN_INGREDIENTE) VALUES ('8009012345678', '9012345672345');

INSERT INTO COMPOSIZIONE_BOX ( EAN_BOX, EAN_INGREDIENTE) VALUES ('8009012345678', '9012345673456');

INSERT INTO COMPOSIZIONE_BOX ( EAN_BOX, EAN_INGREDIENTE) VALUES ('8009012345678', '9012345674567');

INSERT INTO COMPOSIZIONE_BOX ( EAN_BOX, EAN_INGREDIENTE) VALUES ('8009012345678', '9012345675678');

INSERT INTO COMPOSIZIONE_BOX ( EAN_BOX, EAN_INGREDIENTE) VALUES ('8009012345678', '9012345676789');

INSERT INTO COMPOSIZIONE_BOX ( EAN_BOX, EAN_INGREDIENTE) VALUES ('8000123456789', '9012345677890');

INSERT INTO COMPOSIZIONE_BOX ( EAN_BOX, EAN_INGREDIENTE) VALUES ('8000123456789', '0123456789012');

INSERT INTO COMPOSIZIONE_BOX ( EAN_BOX, EAN_INGREDIENTE) VALUES ('8000123456789', '0123456789123');

INSERT INTO COMPOSIZIONE_BOX ( EAN_BOX, EAN_INGREDIENTE) VALUES ('8000123456789', '0123456789234');

INSERT INTO COMPOSIZIONE_BOX ( EAN_BOX, EAN_INGREDIENTE) VALUES ('8000123456789', '0123456789345');

INSERT INTO COMPOSIZIONE_BOX ( EAN_BOX, EAN_INGREDIENTE) VALUES ('8000123456789', '0123456789456');

INSERT INTO COMPOSIZIONE_BOX ( EAN_BOX, EAN_INGREDIENTE) VALUES ('8000123456789', '0123456789567');

INSERT INTO COMPOSIZIONE_BOX ( EAN_BOX, EAN_INGREDIENTE) VALUES ('8001123456785', '1123456789012');

INSERT INTO COMPOSIZIONE_BOX ( EAN_BOX, EAN_INGREDIENTE) VALUES ('8001123456785', '1123456789123');

INSERT INTO COMPOSIZIONE_BOX ( EAN_BOX, EAN_INGREDIENTE) VALUES ('8001123456785', '1123456789234');

INSERT INTO COMPOSIZIONE_BOX ( EAN_BOX, EAN_INGREDIENTE) VALUES ('8001123456785', '1123456789345');

INSERT INTO COMPOSIZIONE_BOX ( EAN_BOX, EAN_INGREDIENTE) VALUES ('8001123456785', '1123456789456');

INSERT INTO COMPOSIZIONE_BOX ( EAN_BOX, EAN_INGREDIENTE) VALUES ('8001123456785', '1123456789567');

INSERT INTO COMPOSIZIONE_BOX ( EAN_BOX, EAN_INGREDIENTE) VALUES ('8001123456785', '1123456789678');

INSERT INTO COMPOSIZIONE_BOX ( EAN_BOX, EAN_INGREDIENTE) VALUES ('8002123456781', '1123456789789');

INSERT INTO COMPOSIZIONE_BOX ( EAN_BOX, EAN_INGREDIENTE) VALUES ('8002123456781', '2123456789012');

INSERT INTO COMPOSIZIONE_BOX ( EAN_BOX, EAN_INGREDIENTE) VALUES ('8002123456781', '2123456789123');

INSERT INTO COMPOSIZIONE_BOX ( EAN_BOX, EAN_INGREDIENTE) VALUES ('8002123456781', '2123456789234');

INSERT INTO COMPOSIZIONE_BOX ( EAN_BOX, EAN_INGREDIENTE) VALUES ('8002123456781', '2123456789345');

INSERT INTO COMPOSIZIONE_BOX ( EAN_BOX, EAN_INGREDIENTE) VALUES ('8003123456787', '2123456789567');

INSERT INTO COMPOSIZIONE_BOX ( EAN_BOX, EAN_INGREDIENTE) VALUES ('8003123456787', '3123456789012');

INSERT INTO COMPOSIZIONE_BOX ( EAN_BOX, EAN_INGREDIENTE) VALUES ('8003123456787', '3123456789123');

INSERT INTO COMPOSIZIONE_BOX ( EAN_BOX, EAN_INGREDIENTE) VALUES ('8003123456787', '3123456789234');

INSERT INTO COMPOSIZIONE_BOX ( EAN_BOX, EAN_INGREDIENTE) VALUES ('8003123456787', '3123456789345');

INSERT INTO COMPOSIZIONE_BOX ( EAN_BOX, EAN_INGREDIENTE) VALUES ('8003123456787', '3123456789456');

INSERT INTO COMPOSIZIONE_BOX ( EAN_BOX, EAN_INGREDIENTE) VALUES ('8004123456783', '4123456789012');

INSERT INTO COMPOSIZIONE_BOX ( EAN_BOX, EAN_INGREDIENTE) VALUES ('8004123456783', '4123456789123');

INSERT INTO COMPOSIZIONE_BOX ( EAN_BOX, EAN_INGREDIENTE) VALUES ('8004123456783', '4123456789234');

INSERT INTO COMPOSIZIONE_BOX ( EAN_BOX, EAN_INGREDIENTE) VALUES ('8004123456783', '4123456789345');

INSERT INTO COMPOSIZIONE_BOX ( EAN_BOX, EAN_INGREDIENTE) VALUES ('8004123456783', '4123456789456');

INSERT INTO COMPOSIZIONE_BOX ( EAN_BOX, EAN_INGREDIENTE) VALUES ('8004123456783', '4123456789567');

INSERT INTO COMPOSIZIONE_BOX ( EAN_BOX, EAN_INGREDIENTE) VALUES ('8004123456783', '4123456789678');

INSERT INTO COMPOSIZIONE_BOX ( EAN_BOX, EAN_INGREDIENTE) VALUES ('8004123456783', '4123456789789');

INSERT INTO COMPOSIZIONE_BOX ( EAN_BOX, EAN_INGREDIENTE) VALUES ('8005123456789', '5123456789012');

INSERT INTO COMPOSIZIONE_BOX ( EAN_BOX, EAN_INGREDIENTE) VALUES ('8005123456789', '5123456789123');

INSERT INTO COMPOSIZIONE_BOX ( EAN_BOX, EAN_INGREDIENTE) VALUES ('8005123456789', '5123456789234');

INSERT INTO COMPOSIZIONE_BOX ( EAN_BOX, EAN_INGREDIENTE) VALUES ('8005123456789', '5123456789345');

INSERT INTO COMPOSIZIONE_BOX ( EAN_BOX, EAN_INGREDIENTE) VALUES ('8005123456789', '5123456789456');

INSERT INTO COMPOSIZIONE_BOX ( EAN_BOX, EAN_INGREDIENTE) VALUES ('8005123456789', '5123456789567');

INSERT INTO INGREDIENTE_MAGAZZINO (DATA_INGRESSO, LOTTO, QUANTITA_INGREDIENTE, EAN_INGREDIENTE, NOME_MAG) VALUES (TO_DATE('2024-11-02', 'YYYY-MM-DD'), 'L1072', 300, '9012345670123', 'Magazzino Centrale');

INSERT INTO INGREDIENTE_MAGAZZINO (DATA_INGRESSO, LOTTO, QUANTITA_INGREDIENTE, EAN_INGREDIENTE, NOME_MAG) VALUES (TO_DATE('2024-11-01', 'YYYY-MM-DD'), 'L1001', 500, '1234567890123', 'Magazzino Centrale');

INSERT INTO INGREDIENTE_MAGAZZINO (DATA_INGRESSO, LOTTO, QUANTITA_INGREDIENTE, EAN_INGREDIENTE, NOME_MAG) VALUES (TO_DATE('2024-11-02', 'YYYY-MM-DD'), 'L1002', 300, '1234567890456', 'Magazzino Centrale');

INSERT INTO INGREDIENTE_MAGAZZINO (DATA_INGRESSO, LOTTO, QUANTITA_INGREDIENTE, EAN_INGREDIENTE, NOME_MAG) VALUES (TO_DATE('2024-11-03', 'YYYY-MM-DD'), 'L1003', 450, '1234567890789', 'Magazzino Centrale');

INSERT INTO INGREDIENTE_MAGAZZINO (DATA_INGRESSO, LOTTO, QUANTITA_INGREDIENTE, EAN_INGREDIENTE, NOME_MAG) VALUES (TO_DATE('2024-11-03', 'YYYY-MM-DD'), 'L1067', 450, '3456789018901', 'Magazzino Centrale');

INSERT INTO INGREDIENTE_MAGAZZINO (DATA_INGRESSO, LOTTO, QUANTITA_INGREDIENTE, EAN_INGREDIENTE, NOME_MAG) VALUES (TO_DATE('2024-11-03', 'YYYY-MM-DD'), 'L1997', 450, '3456789019012', 'Magazzino Centrale');

INSERT INTO INGREDIENTE_MAGAZZINO (DATA_INGRESSO, LOTTO, QUANTITA_INGREDIENTE, EAN_INGREDIENTE, NOME_MAG) VALUES (TO_DATE('2024-11-04', 'YYYY-MM-DD'), 'L2001', 600, '1234567890890', 'Deposito Milano');

INSERT INTO INGREDIENTE_MAGAZZINO (DATA_INGRESSO, LOTTO, QUANTITA_INGREDIENTE, EAN_INGREDIENTE, NOME_MAG) VALUES (TO_DATE('2024-11-05', 'YYYY-MM-DD'), 'L2002', 400, '1234567890125', 'Deposito Milano');

INSERT INTO INGREDIENTE_MAGAZZINO (DATA_INGRESSO, LOTTO, QUANTITA_INGREDIENTE, EAN_INGREDIENTE, NOME_MAG) VALUES (TO_DATE('2024-11-06', 'YYYY-MM-DD'), 'L2003', 250, '2345678901234', 'Deposito Milano');

INSERT INTO INGREDIENTE_MAGAZZINO (DATA_INGRESSO, LOTTO, QUANTITA_INGREDIENTE, EAN_INGREDIENTE, NOME_MAG) VALUES (TO_DATE('2024-11-07', 'YYYY-MM-DD'), 'L3001', 200, '2345678905678', 'Logistica Napoli');

INSERT INTO INGREDIENTE_MAGAZZINO (DATA_INGRESSO, LOTTO, QUANTITA_INGREDIENTE, EAN_INGREDIENTE, NOME_MAG) VALUES (TO_DATE('2024-11-08', 'YYYY-MM-DD'), 'L3002', 300, '2345678907890', 'Logistica Napoli');

INSERT INTO INGREDIENTE_MAGAZZINO (DATA_INGRESSO, LOTTO, QUANTITA_INGREDIENTE, EAN_INGREDIENTE, NOME_MAG) VALUES (TO_DATE('2024-11-09', 'YYYY-MM-DD'), 'L3003', 500, '2345678908901', 'Logistica Napoli');

INSERT INTO INGREDIENTE_MAGAZZINO (DATA_INGRESSO, LOTTO, QUANTITA_INGREDIENTE, EAN_INGREDIENTE, NOME_MAG) VALUES (TO_DATE('2024-11-09', 'YYYY-MM-DD'), 'L3093', 500, '3456789017890', 'Logistica Napoli');

INSERT INTO INGREDIENTE_MAGAZZINO (DATA_INGRESSO, LOTTO, QUANTITA_INGREDIENTE, EAN_INGREDIENTE, NOME_MAG) VALUES (TO_DATE('2024-11-10', 'YYYY-MM-DD'), 'L4001', 350, '2345678902345', 'Hub Torino');

INSERT INTO INGREDIENTE_MAGAZZINO (DATA_INGRESSO, LOTTO, QUANTITA_INGREDIENTE, EAN_INGREDIENTE, NOME_MAG) VALUES (TO_DATE('2024-11-10', 'YYYY-MM-DD'), 'L4011', 350, '3456789014567', 'Hub Torino');

INSERT INTO INGREDIENTE_MAGAZZINO (DATA_INGRESSO, LOTTO, QUANTITA_INGREDIENTE, EAN_INGREDIENTE, NOME_MAG) VALUES (TO_DATE('2024-11-11', 'YYYY-MM-DD'), 'L4002', 250, '2345678903456', 'Hub Torino');

INSERT INTO INGREDIENTE_MAGAZZINO (DATA_INGRESSO, LOTTO, QUANTITA_INGREDIENTE, EAN_INGREDIENTE, NOME_MAG) VALUES (TO_DATE('2024-11-12', 'YYYY-MM-DD'), 'L4003', 400, '2345678904567', 'Hub Torino');

INSERT INTO INGREDIENTE_MAGAZZINO (DATA_INGRESSO, LOTTO, QUANTITA_INGREDIENTE, EAN_INGREDIENTE, NOME_MAG) VALUES (TO_DATE('2024-11-12', 'YYYY-MM-DD'), 'L4093', 400, '3456789015678', 'Hub Torino');

INSERT INTO INGREDIENTE_MAGAZZINO (DATA_INGRESSO, LOTTO, QUANTITA_INGREDIENTE, EAN_INGREDIENTE, NOME_MAG) VALUES (TO_DATE('2024-11-12', 'YYYY-MM-DD'), 'L4083', 400, '4567890128901', 'Hub Torino');

INSERT INTO INGREDIENTE_MAGAZZINO (DATA_INGRESSO, LOTTO, QUANTITA_INGREDIENTE, EAN_INGREDIENTE, NOME_MAG) VALUES (TO_DATE('2024-11-13', 'YYYY-MM-DD'), 'L5001', 150, '2345678906789', 'Stoccaggio Firenze');

INSERT INTO INGREDIENTE_MAGAZZINO (DATA_INGRESSO, LOTTO, QUANTITA_INGREDIENTE, EAN_INGREDIENTE, NOME_MAG) VALUES (TO_DATE('2024-11-13', 'YYYY-MM-DD'), 'L50061', 150, '3456789016789', 'Stoccaggio Firenze');

INSERT INTO INGREDIENTE_MAGAZZINO (DATA_INGRESSO, LOTTO, QUANTITA_INGREDIENTE, EAN_INGREDIENTE, NOME_MAG) VALUES (TO_DATE('2024-11-14', 'YYYY-MM-DD'), 'L5002', 200, '3456789012345', 'Stoccaggio Firenze');

INSERT INTO INGREDIENTE_MAGAZZINO (DATA_INGRESSO, LOTTO, QUANTITA_INGREDIENTE, EAN_INGREDIENTE, NOME_MAG) VALUES (TO_DATE('2024-11-15', 'YYYY-MM-DD'), 'L5003', 350, '3456789013456', 'Stoccaggio Firenze');

INSERT INTO INGREDIENTE_MAGAZZINO (DATA_INGRESSO, LOTTO, QUANTITA_INGREDIENTE, EAN_INGREDIENTE, NOME_MAG) VALUES (TO_DATE('2024-11-20', 'YYYY-MM-DD'), 'LOTTO001', 100, '4567890123456', 'Magazzino Bologna');

INSERT INTO INGREDIENTE_MAGAZZINO (DATA_INGRESSO, LOTTO, QUANTITA_INGREDIENTE, EAN_INGREDIENTE, NOME_MAG) VALUES (TO_DATE('2024-11-20', 'YYYY-MM-DD'), 'LOTTO002', 50, '4567890124567', 'Magazzino Bologna');

INSERT INTO INGREDIENTE_MAGAZZINO (DATA_INGRESSO, LOTTO, QUANTITA_INGREDIENTE, EAN_INGREDIENTE, NOME_MAG) VALUES (TO_DATE('2024-11-20', 'YYYY-MM-DD'), 'LOTTO003', 30, '4567890125678', 'Magazzino Bologna');

INSERT INTO INGREDIENTE_MAGAZZINO (DATA_INGRESSO, LOTTO, QUANTITA_INGREDIENTE, EAN_INGREDIENTE, NOME_MAG) VALUES (TO_DATE('2024-11-20', 'YYYY-MM-DD'), 'LOTTO004', 200, '4567890126789', 'Deposito Palermo');

INSERT INTO INGREDIENTE_MAGAZZINO (DATA_INGRESSO, LOTTO, QUANTITA_INGREDIENTE, EAN_INGREDIENTE, NOME_MAG) VALUES (TO_DATE('2024-11-20', 'YYYY-MM-DD'), 'LOTTO005', 150, '4567890127890', 'Deposito Palermo');

INSERT INTO INGREDIENTE_MAGAZZINO (DATA_INGRESSO, LOTTO, QUANTITA_INGREDIENTE, EAN_INGREDIENTE, NOME_MAG) VALUES (TO_DATE('2024-11-20', 'YYYY-MM-DD'), 'LOTTO105', 150, '6789012349012', 'Deposito Palermo');

INSERT INTO INGREDIENTE_MAGAZZINO (DATA_INGRESSO, LOTTO, QUANTITA_INGREDIENTE, EAN_INGREDIENTE, NOME_MAG) VALUES (TO_DATE('2024-11-20', 'YYYY-MM-DD'), 'LOTTO006', 80, '5678901234567', 'Magazzino Verona');

INSERT INTO INGREDIENTE_MAGAZZINO (DATA_INGRESSO, LOTTO, QUANTITA_INGREDIENTE, EAN_INGREDIENTE, NOME_MAG) VALUES (TO_DATE('2024-11-20', 'YYYY-MM-DD'), 'LOTTO096', 80, '5678901239012', 'Magazzino Verona');

INSERT INTO INGREDIENTE_MAGAZZINO (DATA_INGRESSO, LOTTO, QUANTITA_INGREDIENTE, EAN_INGREDIENTE, NOME_MAG) VALUES (TO_DATE('2024-11-20', 'YYYY-MM-DD'), 'LOTTO007', 60, '5678901235678', 'Magazzino Verona');

INSERT INTO INGREDIENTE_MAGAZZINO (DATA_INGRESSO, LOTTO, QUANTITA_INGREDIENTE, EAN_INGREDIENTE, NOME_MAG) VALUES (TO_DATE('2024-11-20', 'YYYY-MM-DD'), 'LOTTO008', 120, '5678901236789', 'Stoccaggio Venezia');

INSERT INTO INGREDIENTE_MAGAZZINO (DATA_INGRESSO, LOTTO, QUANTITA_INGREDIENTE, EAN_INGREDIENTE, NOME_MAG) VALUES (TO_DATE('2024-11-20', 'YYYY-MM-DD'), 'LOTTO009', 90, '5678901237890', 'Stoccaggio Venezia');

INSERT INTO INGREDIENTE_MAGAZZINO (DATA_INGRESSO, LOTTO, QUANTITA_INGREDIENTE, EAN_INGREDIENTE, NOME_MAG) VALUES (TO_DATE('2024-11-20', 'YYYY-MM-DD'), 'LOTTO010', 50, '5678901238901', 'Stoccaggio Venezia');

INSERT INTO INGREDIENTE_MAGAZZINO (DATA_INGRESSO, LOTTO, QUANTITA_INGREDIENTE, EAN_INGREDIENTE, NOME_MAG) VALUES (TO_DATE('2024-11-20', 'YYYY-MM-DD'), 'LOTTO001', 100, '7890123451234', 'Magazzino Genova');

INSERT INTO INGREDIENTE_MAGAZZINO (DATA_INGRESSO, LOTTO, QUANTITA_INGREDIENTE, EAN_INGREDIENTE, NOME_MAG) VALUES (TO_DATE('2024-11-20', 'YYYY-MM-DD'), 'LOTTO002', 50, '7890123452345', 'Magazzino Genova');

INSERT INTO INGREDIENTE_MAGAZZINO (DATA_INGRESSO, LOTTO, QUANTITA_INGREDIENTE, EAN_INGREDIENTE, NOME_MAG) VALUES (TO_DATE('2024-11-20', 'YYYY-MM-DD'), 'LOTTO003', 75, '7890123453456', 'Magazzino Genova');

INSERT INTO INGREDIENTE_MAGAZZINO (DATA_INGRESSO, LOTTO, QUANTITA_INGREDIENTE, EAN_INGREDIENTE, NOME_MAG) VALUES (TO_DATE('2024-11-20', 'YYYY-MM-DD'), 'LOTTO004', 150, '8901234567890', 'Magazzino Genova');

INSERT INTO INGREDIENTE_MAGAZZINO (DATA_INGRESSO, LOTTO, QUANTITA_INGREDIENTE, EAN_INGREDIENTE, NOME_MAG) VALUES (TO_DATE('2024-11-20', 'YYYY-MM-DD'), 'LOTTO005', 100, '8901234568901', 'Magazzino Genova');

INSERT INTO INGREDIENTE_MAGAZZINO (DATA_INGRESSO, LOTTO, QUANTITA_INGREDIENTE, EAN_INGREDIENTE, NOME_MAG) VALUES (TO_DATE('2024-11-20', 'YYYY-MM-DD'), 'LOTTO006', 120, '8901234569012', 'Magazzino Genova');

INSERT INTO INGREDIENTE_MAGAZZINO (DATA_INGRESSO, LOTTO, QUANTITA_INGREDIENTE, EAN_INGREDIENTE, NOME_MAG) VALUES (TO_DATE('2024-11-20', 'YYYY-MM-DD'), 'LOTTO007', 80, '8901234560123', 'Magazzino Genova');

INSERT INTO INGREDIENTE_MAGAZZINO (DATA_INGRESSO, LOTTO, QUANTITA_INGREDIENTE, EAN_INGREDIENTE, NOME_MAG) VALUES (TO_DATE('2024-11-20', 'YYYY-MM-DD'), 'LOTTO008', 60, '8901234561234', 'Magazzino Genova');

INSERT INTO INGREDIENTE_MAGAZZINO (DATA_INGRESSO, LOTTO, QUANTITA_INGREDIENTE, EAN_INGREDIENTE, NOME_MAG) VALUES (TO_DATE('2024-11-20', 'YYYY-MM-DD'), 'LOTTO009', 200, '8901234562345', 'Magazzino Genova');

INSERT INTO INGREDIENTE_MAGAZZINO (DATA_INGRESSO, LOTTO, QUANTITA_INGREDIENTE, EAN_INGREDIENTE, NOME_MAG) VALUES (TO_DATE('2024-11-20', 'YYYY-MM-DD'), 'LOTTO010', 50, '9012345679012', 'Magazzino Genova');

INSERT INTO INGREDIENTE_MAGAZZINO (DATA_INGRESSO, LOTTO, QUANTITA_INGREDIENTE, EAN_INGREDIENTE, NOME_MAG) VALUES (TO_DATE('2024-11-20', 'YYYY-MM-DD'), 'LOTTO001', 150, '7890123451234', 'Hub Bari');

INSERT INTO INGREDIENTE_MAGAZZINO (DATA_INGRESSO, LOTTO, QUANTITA_INGREDIENTE, EAN_INGREDIENTE, NOME_MAG) VALUES (TO_DATE('2024-11-20', 'YYYY-MM-DD'), 'LOTTO101', 150, '6789012345678', 'Hub Bari');

INSERT INTO INGREDIENTE_MAGAZZINO (DATA_INGRESSO, LOTTO, QUANTITA_INGREDIENTE, EAN_INGREDIENTE, NOME_MAG) VALUES (TO_DATE('2024-11-20', 'YYYY-MM-DD'), 'LOTTO002', 100, '7890123452345', 'Hub Bari');

INSERT INTO INGREDIENTE_MAGAZZINO (DATA_INGRESSO, LOTTO, QUANTITA_INGREDIENTE, EAN_INGREDIENTE, NOME_MAG) VALUES (TO_DATE('2024-11-20', 'YYYY-MM-DD'), 'LOTTO003', 60, '7890123453456', 'Hub Bari');

INSERT INTO INGREDIENTE_MAGAZZINO (DATA_INGRESSO, LOTTO, QUANTITA_INGREDIENTE, EAN_INGREDIENTE, NOME_MAG) VALUES (TO_DATE('2024-11-20', 'YYYY-MM-DD'), 'LOTTO004', 200, '8901234567890', 'Hub Bari');

INSERT INTO INGREDIENTE_MAGAZZINO (DATA_INGRESSO, LOTTO, QUANTITA_INGREDIENTE, EAN_INGREDIENTE, NOME_MAG) VALUES (TO_DATE('2024-11-20', 'YYYY-MM-DD'), 'LOTTO005', 120, '8901234568901', 'Hub Bari');

INSERT INTO INGREDIENTE_MAGAZZINO (DATA_INGRESSO, LOTTO, QUANTITA_INGREDIENTE, EAN_INGREDIENTE, NOME_MAG) VALUES (TO_DATE('2024-11-20', 'YYYY-MM-DD'), 'LOTTO006', 80, '8901234569012', 'Hub Bari');

INSERT INTO INGREDIENTE_MAGAZZINO (DATA_INGRESSO, LOTTO, QUANTITA_INGREDIENTE, EAN_INGREDIENTE, NOME_MAG) VALUES (TO_DATE('2024-11-20', 'YYYY-MM-DD'), 'LOTTO001', 120, '7890123451234', 'Deposito Catania');

INSERT INTO INGREDIENTE_MAGAZZINO (DATA_INGRESSO, LOTTO, QUANTITA_INGREDIENTE, EAN_INGREDIENTE, NOME_MAG) VALUES (TO_DATE('2024-11-20', 'YYYY-MM-DD'), 'LOTTO801', 120, '6789012346789', 'Deposito Catania');

INSERT INTO INGREDIENTE_MAGAZZINO (DATA_INGRESSO, LOTTO, QUANTITA_INGREDIENTE, EAN_INGREDIENTE, NOME_MAG) VALUES (TO_DATE('2024-11-20', 'YYYY-MM-DD'), 'LOTTO002', 90, '7890123452345', 'Deposito Catania');

INSERT INTO INGREDIENTE_MAGAZZINO (DATA_INGRESSO, LOTTO, QUANTITA_INGREDIENTE, EAN_INGREDIENTE, NOME_MAG) VALUES (TO_DATE('2024-11-20', 'YYYY-MM-DD'), 'LOTTO003', 60, '7890123453456', 'Deposito Catania');

INSERT INTO INGREDIENTE_MAGAZZINO (DATA_INGRESSO, LOTTO, QUANTITA_INGREDIENTE, EAN_INGREDIENTE, NOME_MAG) VALUES (TO_DATE('2024-11-20', 'YYYY-MM-DD'), 'LOTTO001', 140, '7890123451234', 'Stoccaggio Padova');

INSERT INTO INGREDIENTE_MAGAZZINO (DATA_INGRESSO, LOTTO, QUANTITA_INGREDIENTE, EAN_INGREDIENTE, NOME_MAG) VALUES (TO_DATE('2024-11-20', 'YYYY-MM-DD'), 'LOTTO002', 75, '7890123452345', 'Stoccaggio Padova');

INSERT INTO INGREDIENTE_MAGAZZINO (DATA_INGRESSO, LOTTO, QUANTITA_INGREDIENTE, EAN_INGREDIENTE, NOME_MAG) VALUES (TO_DATE('2024-11-20', 'YYYY-MM-DD'), 'LOTTO603', 80, '6789012347890', 'Stoccaggio Padova');

INSERT INTO INGREDIENTE_MAGAZZINO (DATA_INGRESSO, LOTTO, QUANTITA_INGREDIENTE, EAN_INGREDIENTE, NOME_MAG) VALUES (TO_DATE('2024-11-20', 'YYYY-MM-DD'), 'LOTTO003', 80, '7890123453456', 'Stoccaggio Padova');

INSERT INTO INGREDIENTE_MAGAZZINO (DATA_INGRESSO, LOTTO, QUANTITA_INGREDIENTE, EAN_INGREDIENTE, NOME_MAG)VALUES (TO_DATE('2024-11-20', 'YYYY-MM-DD'), 'LT001', 50, '0123456789456', 'Magazzino Trieste');

INSERT INTO INGREDIENTE_MAGAZZINO (DATA_INGRESSO, LOTTO, QUANTITA_INGREDIENTE, EAN_INGREDIENTE, NOME_MAG)VALUES (TO_DATE('2024-11-20', 'YYYY-MM-DD'), 'LT002', 100, '0123456789567', 'Magazzino Trieste');

INSERT INTO INGREDIENTE_MAGAZZINO (DATA_INGRESSO, LOTTO, QUANTITA_INGREDIENTE, EAN_INGREDIENTE, NOME_MAG)VALUES (TO_DATE('2024-11-20', 'YYYY-MM-DD'), 'LT003', 200, '1123456789012', 'Magazzino Trieste');

INSERT INTO INGREDIENTE_MAGAZZINO (DATA_INGRESSO, LOTTO, QUANTITA_INGREDIENTE, EAN_INGREDIENTE, NOME_MAG)VALUES (TO_DATE('2024-11-20', 'YYYY-MM-DD'), 'LT803', 200, '6789012348901', 'Magazzino Trieste');

INSERT INTO INGREDIENTE_MAGAZZINO (DATA_INGRESSO, LOTTO, QUANTITA_INGREDIENTE, EAN_INGREDIENTE, NOME_MAG)VALUES (TO_DATE('2024-11-20', 'YYYY-MM-DD'), 'LT004', 75, '1123456789123', 'Deposito Perugia');

INSERT INTO INGREDIENTE_MAGAZZINO (DATA_INGRESSO, LOTTO, QUANTITA_INGREDIENTE, EAN_INGREDIENTE, NOME_MAG)VALUES (TO_DATE('2024-11-20', 'YYYY-MM-DD'), 'LT005', 50, '1123456789234', 'Deposito Perugia');

INSERT INTO INGREDIENTE_MAGAZZINO (DATA_INGRESSO, LOTTO, QUANTITA_INGREDIENTE, EAN_INGREDIENTE, NOME_MAG)VALUES (TO_DATE('2024-11-20', 'YYYY-MM-DD'), 'LT006', 120, '1123456789345', 'Deposito Perugia');

INSERT INTO INGREDIENTE_MAGAZZINO (DATA_INGRESSO, LOTTO, QUANTITA_INGREDIENTE, EAN_INGREDIENTE, NOME_MAG)VALUES (TO_DATE('2024-11-20', 'YYYY-MM-DD'), 'LT007', 200, '1123456789456', 'Magazzino Trieste');

INSERT INTO INGREDIENTE_MAGAZZINO (DATA_INGRESSO, LOTTO, QUANTITA_INGREDIENTE, EAN_INGREDIENTE, NOME_MAG)VALUES (TO_DATE('2024-11-20', 'YYYY-MM-DD'), 'LT008', 150, '1123456789567', 'Magazzino Trieste');

INSERT INTO INGREDIENTE_MAGAZZINO (DATA_INGRESSO, LOTTO, QUANTITA_INGREDIENTE, EAN_INGREDIENTE, NOME_MAG)VALUES (TO_DATE('2024-11-20', 'YYYY-MM-DD'), 'LT009', 80, '1123456789678', 'Deposito Perugia');

INSERT INTO INGREDIENTE_MAGAZZINO (DATA_INGRESSO, LOTTO, QUANTITA_INGREDIENTE, EAN_INGREDIENTE, NOME_MAG)VALUES (TO_DATE('2024-11-20', 'YYYY-MM-DD'), 'LT010', 100, '1123456789789', 'Deposito Perugia');

INSERT INTO INGREDIENTE_MAGAZZINO (DATA_INGRESSO, LOTTO, QUANTITA_INGREDIENTE, EAN_INGREDIENTE, NOME_MAG)VALUES (TO_DATE('2024-11-20', 'YYYY-MM-DD'), 'LT010', 100, '6789012349012', 'Deposito Perugia');

INSERT INTO INGREDIENTE_MAGAZZINO (DATA_INGRESSO, LOTTO, QUANTITA_INGREDIENTE, EAN_INGREDIENTE, NOME_MAG)VALUES (TO_DATE('2024-11-20', 'YYYY-MM-DD'), 'LT011', 60, '2123456789012', 'Magazzino Trieste');

INSERT INTO INGREDIENTE_MAGAZZINO (DATA_INGRESSO, LOTTO, QUANTITA_INGREDIENTE, EAN_INGREDIENTE, NOME_MAG)VALUES (TO_DATE('2024-11-20', 'YYYY-MM-DD'), 'LT012', 75, '2123456789123', 'Magazzino Trieste');

INSERT INTO INGREDIENTE_MAGAZZINO (DATA_INGRESSO, LOTTO, QUANTITA_INGREDIENTE, EAN_INGREDIENTE, NOME_MAG)VALUES (TO_DATE('2024-11-20', 'YYYY-MM-DD'), 'LT013', 50, '2123456789234', 'Deposito Perugia');

INSERT INTO INGREDIENTE_MAGAZZINO (DATA_INGRESSO, LOTTO, QUANTITA_INGREDIENTE, EAN_INGREDIENTE, NOME_MAG)VALUES (TO_DATE('2024-11-20', 'YYYY-MM-DD'), 'LC001', 100, '4123456789123', 'Magazzino Centrale');

INSERT INTO INGREDIENTE_MAGAZZINO (DATA_INGRESSO, LOTTO, QUANTITA_INGREDIENTE, EAN_INGREDIENTE, NOME_MAG)VALUES (TO_DATE('2024-11-20', 'YYYY-MM-DD'), 'LC002', 150, '4123456789234', 'Magazzino Centrale');

INSERT INTO INGREDIENTE_MAGAZZINO (DATA_INGRESSO, LOTTO, QUANTITA_INGREDIENTE, EAN_INGREDIENTE, NOME_MAG)VALUES (TO_DATE('2024-11-20', 'YYYY-MM-DD'), 'LC003', 200, '4123456789345', 'Magazzino Centrale');

INSERT INTO INGREDIENTE_MAGAZZINO (DATA_INGRESSO, LOTTO, QUANTITA_INGREDIENTE, EAN_INGREDIENTE, NOME_MAG)VALUES (TO_DATE('2024-11-20', 'YYYY-MM-DD'), 'LC098', 200, '7890123456789', 'Magazzino Centrale');

INSERT INTO INGREDIENTE_MAGAZZINO (DATA_INGRESSO, LOTTO, QUANTITA_INGREDIENTE, EAN_INGREDIENTE, NOME_MAG)VALUES (TO_DATE('2024-11-20', 'YYYY-MM-DD'), 'LC004', 120, '4123456789456', 'Magazzino Centrale');

INSERT INTO INGREDIENTE_MAGAZZINO (DATA_INGRESSO, LOTTO, QUANTITA_INGREDIENTE, EAN_INGREDIENTE, NOME_MAG)VALUES (TO_DATE('2024-11-20', 'YYYY-MM-DD'), 'LC005', 180, '4123456789567', 'Magazzino Centrale');

INSERT INTO INGREDIENTE_MAGAZZINO (DATA_INGRESSO, LOTTO, QUANTITA_INGREDIENTE, EAN_INGREDIENTE, NOME_MAG)VALUES (TO_DATE('2024-11-20', 'YYYY-MM-DD'), 'LM001', 100, '4123456789678', 'Deposito Milano');

INSERT INTO INGREDIENTE_MAGAZZINO (DATA_INGRESSO, LOTTO, QUANTITA_INGREDIENTE, EAN_INGREDIENTE, NOME_MAG)VALUES (TO_DATE('2024-11-20', 'YYYY-MM-DD'), 'LM071', 100, '7890123457890', 'Deposito Milano');

INSERT INTO INGREDIENTE_MAGAZZINO (DATA_INGRESSO, LOTTO, QUANTITA_INGREDIENTE, EAN_INGREDIENTE, NOME_MAG)VALUES (TO_DATE('2024-11-20', 'YYYY-MM-DD'), 'LM002', 200, '4123456789789', 'Deposito Milano');

INSERT INTO INGREDIENTE_MAGAZZINO (DATA_INGRESSO, LOTTO, QUANTITA_INGREDIENTE, EAN_INGREDIENTE, NOME_MAG)VALUES (TO_DATE('2024-11-20', 'YYYY-MM-DD'), 'LN001', 150, '5123456789012', 'Logistica Napoli');

INSERT INTO INGREDIENTE_MAGAZZINO (DATA_INGRESSO, LOTTO, QUANTITA_INGREDIENTE, EAN_INGREDIENTE, NOME_MAG)VALUES (TO_DATE('2024-11-20', 'YYYY-MM-DD'), 'LN002', 120, '5123456789123', 'Logistica Napoli');

INSERT INTO INGREDIENTE_MAGAZZINO (DATA_INGRESSO, LOTTO, QUANTITA_INGREDIENTE, EAN_INGREDIENTE, NOME_MAG)VALUES (TO_DATE('2024-11-20', 'YYYY-MM-DD'), 'LN802', 120, '7890123450123', 'Logistica Napoli');

INSERT INTO INGREDIENTE_MAGAZZINO (DATA_INGRESSO, LOTTO, QUANTITA_INGREDIENTE, EAN_INGREDIENTE, NOME_MAG)VALUES (TO_DATE('2024-11-20', 'YYYY-MM-DD'), 'HT001', 200, '5123456789234', 'Hub Torino');

INSERT INTO INGREDIENTE_MAGAZZINO (DATA_INGRESSO, LOTTO, QUANTITA_INGREDIENTE, EAN_INGREDIENTE, NOME_MAG)VALUES (TO_DATE('2024-11-20', 'YYYY-MM-DD'), 'HT002', 100, '5123456789345', 'Hub Torino');

INSERT INTO INGREDIENTE_MAGAZZINO (DATA_INGRESSO, LOTTO, QUANTITA_INGREDIENTE, EAN_INGREDIENTE, NOME_MAG)VALUES (TO_DATE('2024-11-20', 'YYYY-MM-DD'), 'HT003', 150, '5123456789456', 'Hub Torino');

INSERT INTO INGREDIENTE_MAGAZZINO (DATA_INGRESSO, LOTTO, QUANTITA_INGREDIENTE, EAN_INGREDIENTE, NOME_MAG)VALUES (TO_DATE('2024-11-20', 'YYYY-MM-DD'), 'HT004', 50, '5123456789567', 'Hub Torino');

INSERT INTO INGREDIENTE_MAGAZZINO (DATA_INGRESSO, LOTTO, QUANTITA_INGREDIENTE, EAN_INGREDIENTE, NOME_MAG)VALUES (TO_DATE('2024-11-20', 'YYYY-MM-DD'), 'HT033', 50, '7890123458901', 'Hub Torino');

INSERT INTO INGREDIENTE_MAGAZZINO (DATA_INGRESSO, LOTTO, QUANTITA_INGREDIENTE, EAN_INGREDIENTE, NOME_MAG)VALUES (TO_DATE('2024-11-20', 'YYYY-MM-DD'), 'HT133', 50, '7890123459012', 'Hub Torino');

INSERT INTO INGREDIENTE_MAGAZZINO (DATA_INGRESSO, LOTTO, QUANTITA_INGREDIENTE, EAN_INGREDIENTE, NOME_MAG)VALUES (TO_DATE('2024-11-20', 'YYYY-MM-DD'), 'HT193', 50, '9012345671234', 'Hub Torino');

INSERT INTO INGREDIENTE_MAGAZZINO (DATA_INGRESSO, LOTTO, QUANTITA_INGREDIENTE, EAN_INGREDIENTE, NOME_MAG)VALUES (TO_DATE('2024-11-20', 'YYYY-MM-DD'), 'HT193', 50, '9012345672345', 'Hub Torino');

INSERT INTO SCONTI (ID_SCONTO, VALORE, INIZIO_SCONTO, FINESCONTO) 
VALUES (1, 10, TO_DATE('2024-11-01', 'YYYY-MM-DD'), TO_DATE('2025-02-15', 'YYYY-MM-DD'));

INSERT INTO SCONTI (ID_SCONTO, VALORE, INIZIO_SCONTO, FINESCONTO) 
VALUES (2, 15, TO_DATE('2024-12-01', 'YYYY-MM-DD'), TO_DATE('2025-02-20', 'YYYY-MM-DD'));

INSERT INTO SCONTI (ID_SCONTO, VALORE, INIZIO_SCONTO, FINESCONTO) 
VALUES (3, 20, TO_DATE('2024-11-10', 'YYYY-MM-DD'), TO_DATE('2025-03-05', 'YYYY-MM-DD'));

INSERT INTO SCONTI (ID_SCONTO, VALORE, INIZIO_SCONTO, FINESCONTO) 
VALUES (4, 25, TO_DATE('2024-11-05', 'YYYY-MM-DD'), TO_DATE('2025-03-10', 'YYYY-MM-DD'));

INSERT INTO SCONTI (ID_SCONTO, VALORE, INIZIO_SCONTO, FINESCONTO) 
VALUES (5, 30, TO_DATE('2024-11-15', 'YYYY-MM-DD'), TO_DATE('2025-02-25', 'YYYY-MM-DD'));

INSERT INTO SCONTI (ID_SCONTO, VALORE, INIZIO_SCONTO, FINESCONTO) 
VALUES (6, 35, TO_DATE('2024-12-10', 'YYYY-MM-DD'), TO_DATE('2025-03-18', 'YYYY-MM-DD'));

INSERT INTO SCONTI (ID_SCONTO, VALORE, INIZIO_SCONTO, FINESCONTO) 
VALUES (7, 40, TO_DATE('2024-11-25', 'YYYY-MM-DD'), TO_DATE('2025-02-28', 'YYYY-MM-DD'));

INSERT INTO SCONTI (ID_SCONTO, VALORE, INIZIO_SCONTO, FINESCONTO) 
VALUES (8, 45, TO_DATE('2024-12-05', 'YYYY-MM-DD'), TO_DATE('2025-03-15', 'YYYY-MM-DD'));

INSERT INTO SCONTI (ID_SCONTO, VALORE, INIZIO_SCONTO, FINESCONTO) 
VALUES (9, 50, TO_DATE('2024-11-10', 'YYYY-MM-DD'), TO_DATE('2025-03-01', 'YYYY-MM-DD'));

INSERT INTO SCONTI (ID_SCONTO, VALORE, INIZIO_SCONTO, FINESCONTO) 
VALUES (10, 55, TO_DATE('2024-12-01', 'YYYY-MM-DD'), TO_DATE('2025-02-10', 'YYYY-MM-DD'));

INSERT INTO SCONTI (ID_SCONTO, VALORE, INIZIO_SCONTO, FINESCONTO) 
VALUES (11, 60, TO_DATE('2024-11-05', 'YYYY-MM-DD'), TO_DATE('2025-03-01', 'YYYY-MM-DD'));

INSERT INTO SCONTI (ID_SCONTO, VALORE, INIZIO_SCONTO, FINESCONTO) 
VALUES (12, 65, TO_DATE('2024-11-25', 'YYYY-MM-DD'), TO_DATE('2025-02-28', 'YYYY-MM-DD'));

INSERT INTO SCONTI (ID_SCONTO, VALORE, INIZIO_SCONTO, FINESCONTO) 
VALUES (13, 70, TO_DATE('2024-12-10', 'YYYY-MM-DD'), TO_DATE('2025-03-10', 'YYYY-MM-DD'));

INSERT INTO SCONTI (ID_SCONTO, VALORE, INIZIO_SCONTO, FINESCONTO) 
VALUES (14, 75, TO_DATE('2024-11-20', 'YYYY-MM-DD'), TO_DATE('2025-03-05', 'YYYY-MM-DD'));

INSERT INTO SCONTI (ID_SCONTO, VALORE, INIZIO_SCONTO, FINESCONTO) 
VALUES (15, 80, TO_DATE('2024-12-01', 'YYYY-MM-DD'), TO_DATE('2025-03-20', 'YYYY-MM-DD'));

insert into carrello(CF,EAN_BOX,QUANTITA_IN_CARRELLO) values ('FNTDVD91D18L400B','8001234567890',1);

insert into carrello(CF,EAN_BOX,QUANTITA_IN_CARRELLO) values('VLTLRA88S07E506U','8003123456787',1);

insert into carrello(CF,EAN_BOX,QUANTITA_IN_CARRELLO) values('MRTNDR80A11D703H','8004123456783',1);

insert into carrello(CF,EAN_BOX,QUANTITA_IN_CARRELLO) values ('BRNSRA94M29G113Q','8005123456789',1);

insert into ORDINE(ID_ORDINE,DATA_ORDINE,TOTALE_PREZZO,TOTALE_QUANTITA,STATO_ORDINE,CF,ID_SCONTO)values('RSSMRC85M01H501X20241120011759',TO_DATE('2024-11-20', 'YYYY-MM-DD'),58.5,4,1,'RSSMRC85M01H501X',1);

insert into ORDINE(ID_ORDINE,DATA_ORDINE,TOTALE_PREZZO,TOTALE_QUANTITA,STATO_ORDINE,CF,ID_SCONTO)values('GLLFRC90T02D612N20241120011759',TO_DATE('2024-11-20', 'YYYY-MM-DD'),18.7,4,1,'GLLFRC90T02D612N',1);

insert into ORDINE(ID_ORDINE,DATA_ORDINE,TOTALE_PREZZO,TOTALE_QUANTITA,STATO_ORDINE,CF,ID_SCONTO)values('CNTMRT98L15L736S20241120011821',TO_DATE('2024-11-20', 'YYYY-MM-DD'),21.4,4,1,'CNTMRT98L15L736S',1);

insert into DETTAGLI_ORDINE(ID_ORDINE,EAN_BOX,QUANTITA_BOX_DETTAGLI,PREZZO_BOX_DETTAGLI)values('RSSMRC85M01H501X20241120011759',8001234567890,1,12.5);

insert into DETTAGLI_ORDINE(ID_ORDINE,EAN_BOX,QUANTITA_BOX_DETTAGLI,PREZZO_BOX_DETTAGLI)values('RSSMRC85M01H501X20241120011759',8001234567890,1,12.5);

insert into DETTAGLI_ORDINE(ID_ORDINE,EAN_BOX,QUANTITA_BOX_DETTAGLI,PREZZO_BOX_DETTAGLI)values('RSSMRC85M01H501X20241120011759',8005678901234,1,18.7);

insert into DETTAGLI_ORDINE(ID_ORDINE,EAN_BOX,QUANTITA_BOX_DETTAGLI,PREZZO_BOX_DETTAGLI)values('GLLFRC90T02D612N20241120011759',8000123456789,1,14.8);

insert into DETTAGLI_ORDINE(ID_ORDINE,EAN_BOX,QUANTITA_BOX_DETTAGLI,PREZZO_BOX_DETTAGLI)values('GLLFRC90T02D612N20241120011759',8005678901234,1,18.7);

insert into DETTAGLI_ORDINE(ID_ORDINE,EAN_BOX,QUANTITA_BOX_DETTAGLI,PREZZO_BOX_DETTAGLI)values('CNTMRT98L15L736S20241120011821',8002345678906,1,8.9);

insert into DETTAGLI_ORDINE(ID_ORDINE,EAN_BOX,QUANTITA_BOX_DETTAGLI,PREZZO_BOX_DETTAGLI)values('CNTMRT98L15L736S20241120011821',8001234567890,1,12.5);

insert into FATTURA(METODO_PAGAMENTO,DATA_PAGAMENTO,IMPORTO,ID_ORDINE)values('carta',TO_DATE('2024-11-20', 'YYYY-MM-DD'),52.65,'RSSMRC85M01H501X20241120011759');

insert into FATTURA(METODO_PAGAMENTO,DATA_PAGAMENTO,IMPORTO,ID_ORDINE)values('carta',TO_DATE('2024-11-20', 'YYYY-MM-DD'),52.65,'GLLFRC90T02D612N20241120011759');

insert into FATTURA(METODO_PAGAMENTO,DATA_PAGAMENTO,IMPORTO,ID_ORDINE)values('carta',TO_DATE('2024-11-20', 'YYYY-MM-DD'),52.65,'CNTMRT98L15L736S20241120011821');

insert into SPEDIZIONE(CORRIERE,STATO_SPEDIZIONE,ID_ORDINE,VIA_SPEDIZIONE,CIVICO_SPEDIZIONE,CAP_SPEDIZIONE,CITTA_SPEDIZIONE,PROVINCIA_SPEDIZIONE)values('Bartolini',1,'RSSMRC85M01H501X20241120011759','Via Roma','15',100,'Roma','RM');

insert into SPEDIZIONE(CORRIERE,STATO_SPEDIZIONE,ID_ORDINE,VIA_SPEDIZIONE,CIVICO_SPEDIZIONE,CAP_SPEDIZIONE,CITTA_SPEDIZIONE,PROVINCIA_SPEDIZIONE)values('Bartolini',1,'GLLFRC90T02D612N20241120011759','Via Bologna','7C',40100,'Bologna','BO');

insert into SPEDIZIONE(CORRIERE,STATO_SPEDIZIONE,ID_ORDINE,VIA_SPEDIZIONE,CIVICO_SPEDIZIONE,CAP_SPEDIZIONE,CITTA_SPEDIZIONE,PROVINCIA_SPEDIZIONE)values('Bartolini',1,'CNTMRT98L15L736S20241120011821','Via Firenze','10',50100,'Firenze','FI');

